time,ax,ay,az,atotal
0.000,0.02,0.02,0.01,0.03
0.010,-0.01,-0.03,-0.01,0.03
0.020,0.02,0.03,0.02,0.04
0.030,0.01,0.02,0.02,0.03
0.040,-0.00,-0.00,0.00,0.01
0.050,-0.00,0.00,0.03,0.03
0.060,-0.01,0.01,0.01,0.02
0.070,-0.00,0.01,0.01,0.01
0.080,0.01,-0.01,0.02,0.02
0.090,0.01,-0.01,0.01,0.02
0.100,0.01,-0.01,0.01,0.02
0.110,0.00,0.00,-0.00,0.00
0.120,0.01,-0.01,0.00,0.02
0.130,0.02,-0.01,-0.00,0.03
0.140,0.00,-0.02,0.01,0.02
0.150,-0.00,-0.00,0.02,0.02
0.159,-0.00,0.00,0.01,0.01
0.169,-0.00,-0.01,0.02,0.02
0.179,-0.01,-0.02,0.01,0.02
0.189,0.00,-0.01,0.01,0.01
0.199,-0.00,0.00,0.01,0.01
0.209,-0.00,-0.01,0.02,0.02
0.219,0.00,-0.01,0.00,0.01
0.229,-0.00,-0.01,0.00,0.01
0.239,0.00,0.00,0.02,0.02
0.249,0.02,-0.01,0.01,0.02
0.259,0.01,-0.00,-0.00,0.01
0.269,-0.00,-0.00,0.01,0.01
0.279,-0.01,0.01,0.01,0.01
0.289,-0.01,-0.00,0.03,0.04
0.299,-0.00,-0.00,0.02,0.02
0.309,0.01,-0.01,0.02,0.02
0.319,-0.00,-0.01,0.03,0.03
0.329,0.01,0.00,0.00,0.01
0.339,0.01,0.00,0.02,0.03
0.349,0.00,-0.01,-0.01,0.01
0.359,-0.00,0.00,0.01,0.01
0.369,0.01,-0.00,0.01,0.02
0.379,0.00,0.01,0.01,0.01
0.389,-0.00,-0.00,0.03,0.03
0.399,0.01,-0.01,0.02,0.03
0.409,0.00,-0.01,0.01,0.02
0.419,0.00,-0.01,0.00,0.01
0.429,0.01,-0.02,0.01,0.02
0.439,-0.00,-0.01,0.01,0.02
0.449,-0.01,-0.01,0.02,0.03
0.459,0.03,0.04,0.01,0.05
0.469,0.27,0.42,0.00,0.50
0.479,0.17,0.22,0.01,0.28
0.489,-0.02,-0.10,-0.00,0.11
0.498,0.17,-0.39,-0.03,0.42
0.508,0.99,-0.95,-0.02,1.38
0.518,0.92,-0.74,-0.06,1.19
0.528,0.49,-0.06,0.05,0.50
0.538,-0.14,0.19,0.01,0.23
0.548,-0.95,0.02,-0.01,0.95
0.558,-1.37,-0.09,0.51,1.46
0.568,-0.16,0.66,0.11,0.69
0.578,0.22,0.49,0.68,0.87
0.588,0.07,-0.29,0.12,0.32
0.598,0.03,-0.17,-0.57,0.60
0.608,0.17,-0.18,0.18,0.31
0.618,0.23,-0.34,0.22,0.47
0.628,0.01,0.01,-0.10,0.10
0.638,-0.18,0.07,-0.06,0.20
0.648,-0.16,0.23,1.04,1.08
0.658,-0.31,0.46,1.84,1.92
0.668,-0.21,-0.21,1.30,1.34
0.678,-0.33,-0.58,0.82,1.06
0.688,-0.38,-0.60,0.04,0.71
0.698,-0.43,-1.12,0.05,1.20
0.708,-0.72,-1.56,-0.32,1.74
0.718,-1.21,-1.24,0.24,1.74
0.728,-2.19,-1.69,0.90,2.91
0.738,-2.47,-1.62,2.05,3.59
0.748,-1.58,-0.78,2.66,3.19
0.758,-0.18,-0.20,2.70,2.71
0.768,0.94,-0.39,2.57,2.77
0.778,2.31,-0.64,2.45,3.43
0.788,2.83,-0.04,2.15,3.55
0.798,1.69,0.08,2.08,2.68
0.808,0.25,-0.44,2.54,2.59
0.817,-1.05,-0.37,2.72,2.93
0.827,-1.40,-0.29,2.86,3.20
0.837,-0.56,-0.40,2.47,2.56
0.847,0.02,-0.55,1.96,2.03
0.857,-0.02,-1.07,0.89,1.40
0.867,-0.19,-1.55,-0.31,1.59
0.877,-0.33,-0.98,-1.49,1.82
0.887,-0.55,-0.50,-2.19,2.31
0.897,-0.80,-0.68,-2.28,2.51
0.907,-0.89,-0.79,-2.15,2.46
0.917,-0.70,-0.26,-1.95,2.09
0.927,-0.69,-0.24,-1.59,1.75
0.937,-0.69,0.13,-1.37,1.54
0.947,-0.68,0.44,-0.96,1.25
0.957,-1.09,0.60,0.09,1.25
0.967,-1.25,0.42,0.85,1.57
0.977,-1.74,0.98,1.29,2.38
0.987,-1.53,0.39,1.54,2.21
0.997,-1.43,-0.33,1.81,2.33
1.007,-0.86,0.35,2.29,2.47
1.017,-0.26,0.46,1.43,1.52
1.027,-0.31,0.35,0.84,0.95
1.037,-0.29,0.12,0.60,0.68
1.047,-0.08,0.15,0.36,0.39
1.057,-0.07,0.22,-0.19,0.30
1.067,-0.18,0.20,-0.54,0.60
1.077,0.03,0.16,-0.50,0.52
1.087,0.39,0.36,-0.43,0.68
1.097,0.51,0.39,-0.37,0.74
1.107,0.68,0.40,-0.44,0.90
1.117,0.76,0.19,-0.59,0.98
1.127,0.44,-0.44,-0.73,0.96
1.136,0.30,-0.44,-1.33,1.43
1.147,0.37,-0.07,-1.99,2.02
1.156,0.58,-0.14,-2.32,2.40
1.166,0.85,-0.36,-2.30,2.47
1.176,1.42,-0.23,-2.19,2.62
1.186,3.97,0.25,-1.25,4.17
1.196,6.94,0.70,1.89,7.22
1.206,7.29,0.63,0.32,7.32
1.216,4.11,-0.34,-0.26,4.13
1.226,1.38,-0.63,-1.01,1.83
1.236,0.44,-0.03,-1.24,1.31
1.246,-0.16,0.11,-0.54,0.57
1.256,-1.12,-0.52,0.10,1.24
1.266,-3.58,-1.42,-0.24,3.86
1.276,-4.54,-2.25,-1.40,5.25
1.286,-4.34,-1.35,-2.92,5.41
1.296,-4.97,-0.32,-2.86,5.74
1.306,-4.73,-0.54,-2.15,5.22
1.316,-4.56,-0.34,-2.28,5.11
1.326,2.47,2.46,-0.71,3.56
1.336,7.68,6.49,-0.78,10.08
1.346,3.17,3.71,-1.36,5.06
1.356,-0.81,-0.20,-2.60,2.73
1.366,-0.56,-0.22,-2.45,2.52
1.376,-0.31,0.74,-0.44,0.91
1.386,-2.37,1.99,-0.65,3.16
1.396,-3.52,0.77,-0.46,3.63
1.406,-6.35,0.39,-1.46,6.53
1.416,-6.67,1.41,-2.35,7.21
1.426,-4.29,2.61,-3.03,5.86
1.436,-2.93,2.95,-3.70,5.56
1.445,-2.49,2.74,-3.11,4.83
1.455,-2.65,2.52,-2.39,4.37
1.466,-3.11,2.05,-1.63,4.07
1.475,-3.81,1.39,-0.79,4.13
1.485,-4.15,0.88,0.26,4.25
1.495,-3.36,0.55,1.39,3.67
1.505,-2.02,0.29,2.37,3.13
1.515,-1.23,-0.21,3.56,3.77
1.525,-0.58,-0.67,4.35,4.44
1.535,0.29,-0.77,4.88,4.95
1.545,0.85,-0.98,5.71,5.86
1.555,0.74,-1.17,6.29,6.45
1.565,-0.23,-1.74,6.32,6.56
1.575,-1.05,-2.12,6.71,7.12
1.585,-0.11,-2.19,7.04,7.37
1.595,1.44,-2.51,6.94,7.52
1.605,2.36,-2.93,6.65,7.64
1.615,3.48,-3.14,6.84,8.29
1.625,3.79,-3.09,6.17,7.87
1.635,3.79,-3.35,5.42,7.41
1.645,3.55,-3.64,4.42,6.74
1.655,3.58,-3.49,3.64,6.18
1.665,3.54,-3.55,3.34,6.02
1.675,3.28,-3.77,2.87,5.77
1.685,3.19,-3.59,2.63,5.48
1.695,3.09,-3.54,2.15,5.16
1.705,2.91,-3.47,1.06,4.65
1.715,2.61,-3.43,0.07,4.30
1.724,2.51,-3.24,-0.46,4.12
1.734,2.68,-2.90,-0.52,3.98
1.745,2.77,-2.67,-0.57,3.89
1.754,2.79,-2.78,-0.10,3.94
1.764,3.02,-2.74,0.55,4.11
1.774,3.31,-2.57,0.65,4.24
1.784,3.29,-2.76,0.69,4.35
1.794,3.07,-2.77,0.50,4.16
1.804,2.67,-2.70,-0.12,3.79
1.814,2.48,-2.69,-0.25,3.67
1.824,2.46,-2.61,0.21,3.59
1.834,2.48,-2.62,0.48,3.64
1.844,2.46,-2.71,0.64,3.71
1.854,2.79,-2.50,1.01,3.88
1.864,3.12,-2.33,0.58,3.94
1.874,3.67,-2.50,-0.07,4.44
1.884,4.22,-2.52,-0.12,4.92
1.894,4.25,-2.64,-0.11,5.01
1.904,4.41,-2.89,0.16,5.28
1.914,3.80,-3.39,0.67,5.14
1.924,2.74,-3.61,1.05,4.65
1.934,2.42,-2.97,1.33,4.06
1.944,1.72,-2.73,0.55,3.27
1.954,1.27,-2.95,-0.73,3.30
1.964,1.83,-2.64,-1.30,3.47
1.974,2.72,-2.42,-1.80,4.06
1.984,2.99,-2.48,-2.12,4.43
1.994,3.36,-2.82,-1.84,4.76
2.004,2.57,-2.98,-0.91,4.04
2.014,1.45,-2.85,-0.50,3.24
2.024,1.02,-2.06,-0.11,2.30
2.034,0.66,-1.41,-0.10,1.57
2.044,0.76,-1.45,-0.90,1.87
2.053,1.31,-1.56,-1.49,2.52
2.064,1.88,-1.79,-1.47,2.99
2.073,1.50,-2.39,-0.90,2.96
2.083,1.53,-2.81,-0.09,3.20
2.093,1.61,-2.47,1.22,3.19
2.103,1.02,-2.18,1.91,3.07
2.113,-0.15,-1.98,2.09,2.88
2.123,-0.78,-0.81,1.89,2.20
2.133,-0.91,0.18,1.46,1.73
2.143,-1.39,0.31,0.45,1.49
2.153,-1.30,0.32,-0.35,1.38
2.163,-0.98,0.22,-0.72,1.23
2.173,-0.47,0.11,-0.59,0.76
2.183,0.08,-0.32,0.80,0.87
2.193,-0.00,-0.55,2.11,2.18
2.203,-0.40,-0.14,3.21,3.23
2.213,-0.71,0.50,4.03,4.12
2.223,-1.26,0.76,3.47,3.77
2.233,-1.98,0.70,2.06,2.94
2.243,-2.14,0.77,0.38,2.30
2.253,-2.02,0.90,-1.20,2.52
2.263,-2.35,0.84,-1.57,2.94
2.273,-2.37,0.82,-1.32,2.83
2.283,-1.97,0.60,-0.19,2.07
2.293,-2.49,0.04,0.45,2.53
2.303,-2.47,0.41,0.63,2.59
2.313,-2.64,0.34,0.74,2.76
2.323,-2.69,0.30,0.17,2.71
2.333,-2.60,0.08,-0.77,2.71
2.343,-2.34,-0.30,-1.37,2.73
2.353,-1.94,-0.40,-1.39,2.42
2.362,-1.32,-0.51,-1.37,1.97
2.372,-0.78,-0.60,-1.40,1.71
2.382,-0.42,-0.54,-0.98,1.20
2.392,-0.21,-0.73,-0.88,1.17
2.402,-0.25,-0.47,-1.26,1.36
2.412,0.01,-0.41,-1.31,1.37
2.422,0.53,-0.46,-1.03,1.25
2.432,0.63,-0.47,-1.06,1.32
2.442,0.14,-0.41,-0.96,1.05
2.452,-0.31,-0.50,-1.18,1.32
2.462,-0.35,-0.21,-1.02,1.10
2.472,-0.82,-0.15,-0.26,0.87
2.482,-1.50,-0.56,-0.12,1.61
2.492,-1.56,-0.96,-0.27,1.86
2.502,-1.29,-1.07,-0.58,1.78
2.512,-0.81,-1.03,-0.96,1.63
2.522,-0.58,-1.01,-1.23,1.69
2.532,-1.19,-0.69,-0.96,1.68
2.542,-2.23,-0.83,-0.62,2.46
2.552,-2.90,-0.84,-1.45,3.35
2.562,-3.12,-0.72,-1.89,3.72
2.572,-3.17,-0.46,-2.15,3.86
2.584,-3.38,-0.39,-1.91,3.90
2.592,-3.93,-0.29,-1.61,4.26
2.602,-4.60,-0.26,-1.29,4.78
2.612,-4.49,-0.90,-1.68,4.88
2.622,-4.38,-0.61,-1.71,4.75
2.632,-4.44,-0.57,-1.86,4.85
2.642,-4.41,-1.02,-2.20,5.03
2.652,-4.17,-0.42,-1.85,4.58
2.661,-4.31,-0.76,-1.51,4.63
2.672,-3.78,-1.08,-1.12,4.09
2.681,-2.47,-1.10,-0.75,2.81
2.691,-2.32,-1.24,0.03,2.63
2.701,-2.95,-1.43,1.62,3.66
2.711,-2.57,-1.09,2.89,4.02
2.722,-3.01,-0.92,3.76,4.90
2.731,-3.71,-1.22,4.26,5.78
2.741,-4.34,-1.58,4.83,6.68
2.751,-4.58,-1.43,5.25,7.11
2.761,-4.01,-1.57,5.56,7.03
2.771,-2.88,-2.02,6.39,7.30
2.781,-1.40,-2.23,6.74,7.24
2.791,-0.52,-2.39,7.06,7.48
2.801,0.50,-2.15,5.75,6.16
2.811,1.41,-2.55,3.84,4.82
2.821,1.63,-2.86,2.89,4.38
2.831,1.56,-2.70,2.70,4.13
2.841,0.77,-2.81,3.11,4.26
2.851,0.52,-2.33,2.94,3.78
2.861,1.01,-1.98,1.52,2.69
2.871,1.33,-2.66,1.61,3.38
2.881,1.93,-2.32,2.61,3.99
2.891,2.23,-1.87,2.95,4.14
2.901,1.05,-2.17,4.06,4.73
2.911,0.49,-2.24,5.19,5.67
2.921,0.88,-2.39,5.11,5.71
2.931,0.54,-2.76,4.69,5.47
2.941,0.47,-2.90,4.11,5.06
2.951,0.63,-2.83,2.95,4.14
2.961,0.71,-2.83,1.64,3.35
2.971,1.35,-2.78,0.88,3.21
2.981,2.06,-2.77,0.77,3.53
2.990,2.42,-2.72,1.30,3.86
3.000,2.13,-2.54,2.00,3.87
3.010,1.22,-2.45,1.99,3.38
3.020,0.47,-2.35,1.44,2.79
3.030,0.22,-2.32,0.66,2.43
3.040,-0.00,-2.32,0.47,2.36
3.050,0.57,-2.02,0.86,2.27
3.060,1.36,-1.87,1.30,2.66
3.070,1.40,-1.93,1.72,2.94
3.080,1.23,-2.06,2.59,3.53
3.090,1.75,-1.93,3.28,4.19
3.100,2.42,-2.01,2.59,4.08
3.110,2.82,-2.12,0.92,3.65
3.120,2.78,-2.26,-0.31,3.60
3.130,2.64,-2.35,0.53,3.57
3.140,2.57,-2.00,1.93,3.79
3.150,2.28,-1.99,1.97,3.61
3.160,2.04,-2.07,0.89,3.04
3.170,1.79,-1.96,0.05,2.66
3.180,1.74,-2.02,0.31,2.68
3.190,1.79,-1.97,1.53,3.07
3.200,1.70,-1.61,2.31,3.29
3.210,0.78,-1.60,1.44,2.29
3.220,0.30,-1.72,-0.17,1.75
3.230,0.40,-1.64,-0.64,1.81
3.240,1.05,-1.46,-0.48,1.86
3.250,1.92,-1.34,0.11,2.35
3.260,2.15,-1.22,0.90,2.63
3.270,1.24,-1.30,1.01,2.06
3.280,0.50,-1.37,1.35,1.99
3.290,0.21,-1.11,2.11,2.40
3.300,0.42,-1.04,1.92,2.22
3.310,0.96,-1.32,1.67,2.33
3.320,1.24,-1.45,1.89,2.69
3.329,0.87,-1.32,1.30,2.05
3.340,0.58,-1.47,0.42,1.64
3.349,0.49,-1.64,0.33,1.74
3.359,-0.24,-1.59,0.53,1.69
3.369,-0.73,-1.68,0.13,1.84
3.379,-0.65,-1.71,0.44,1.88
3.389,-0.10,-1.49,0.72,1.65
3.399,0.09,-1.48,1.29,1.97
3.409,-0.22,-1.44,1.45,2.06
3.419,-0.55,-1.25,0.89,1.63
3.429,-0.90,-1.42,0.57,1.78
3.439,-1.23,-1.52,0.71,2.08
3.449,-1.26,-1.39,0.61,1.97
3.459,-0.92,-1.59,0.40,1.88
3.469,-0.55,-1.67,1.41,2.26
3.479,-0.18,-1.45,2.26,2.69
3.489,-0.19,-1.52,2.05,2.55
3.499,0.02,-1.74,1.87,2.55
3.509,0.06,-1.90,1.57,2.46
3.519,-0.01,-1.66,1.45,2.20
3.529,-0.17,-1.75,1.26,2.17
3.539,0.07,-2.00,1.08,2.28
3.549,0.35,-2.11,1.44,2.58
3.559,-0.09,-2.48,1.28,2.80
3.569,-0.38,-2.29,1.00,2.53
3.579,-0.96,-2.06,0.73,2.38
3.589,-1.84,-1.54,0.04,2.40
3.599,-2.23,-0.66,-0.29,2.34
3.608,-2.81,-0.95,-1.19,3.20
3.619,-2.03,-0.56,-1.44,2.55
3.628,-0.64,-0.35,-1.61,1.77
3.639,-0.02,-0.64,-1.50,1.63
3.648,-0.47,-1.14,-0.68,1.41
3.658,-1.77,-1.59,0.32,2.40
3.668,-2.59,-1.06,0.90,2.94
3.678,-2.18,-0.34,1.45,2.64
3.689,-1.87,-0.28,1.16,2.21
3.698,-1.37,0.20,0.45,1.46
3.708,-0.85,0.36,-0.41,1.01
3.718,-0.64,0.46,-1.16,1.40
3.728,-0.68,0.61,-1.58,1.82
3.738,-0.55,0.51,-1.76,1.91
3.748,-0.48,0.31,-1.12,1.26
3.758,-0.81,0.34,-0.20,0.90
3.768,-0.86,0.54,0.15,1.03
3.778,-0.98,0.40,0.03,1.06
3.788,-1.08,0.36,-0.35,1.20
3.798,-0.82,0.37,-1.06,1.39
3.808,-0.38,0.31,-1.54,1.61
3.818,-0.33,0.23,-1.48,1.54
3.828,-0.70,0.28,-1.28,1.49
3.838,-1.30,0.52,-0.96,1.70
3.848,-1.59,0.81,-0.89,1.99
3.858,-1.55,0.81,-0.76,1.90
3.868,-1.46,0.58,-0.53,1.66
3.878,-1.50,0.39,-0.36,1.59
3.888,-1.47,0.46,-0.41,1.59
3.898,-1.27,0.49,-0.66,1.51
3.908,-1.09,0.28,-1.21,1.65
3.918,-1.08,0.04,-1.80,2.10
3.927,-1.24,-0.01,-2.10,2.44
3.937,-1.53,0.16,-2.02,2.54
3.947,-1.93,0.27,-1.75,2.62
3.958,-2.24,0.19,-1.73,2.84
3.967,-2.21,-0.08,-1.78,2.84
3.977,-1.99,-0.41,-1.66,2.62
3.987,-1.68,-0.73,-1.73,2.52
3.997,-1.35,-1.07,-2.25,2.84
4.007,-1.05,-1.43,-2.70,3.23
4.017,-0.89,-1.62,-2.72,3.29
4.027,-0.86,-1.71,-2.40,3.07
4.037,-0.93,-1.49,-1.98,2.65
4.047,-1.13,-0.96,-1.82,2.35
4.057,-1.42,-0.68,-1.84,2.43
4.067,-1.69,-0.89,-1.93,2.72
4.077,-1.79,-1.52,-2.32,3.30
4.087,-1.25,-2.25,-2.89,3.87
4.097,-0.30,-2.56,-3.06,4.00
4.107,0.54,-2.44,-2.50,3.53
4.117,0.82,-2.10,-1.54,2.73
4.127,0.38,-1.71,-0.67,1.87
4.137,-0.51,-1.35,-0.44,1.51
4.147,-1.59,-1.31,-0.84,2.22
4.157,-2.07,-1.82,-1.87,3.33
4.167,-2.10,-2.09,-2.80,4.07
4.177,-2.16,-1.82,-3.01,4.13
4.187,-2.15,-1.66,-2.81,3.91
4.197,-2.05,-1.38,-2.66,3.63
4.207,-2.01,-1.20,-2.71,3.58
4.216,-1.61,-1.37,-2.76,3.48
4.227,-1.14,-1.59,-2.91,3.51
4.236,-1.39,-1.62,-2.98,3.67
4.247,-2.41,-1.41,-3.13,4.19
4.257,-2.83,-1.34,-3.62,4.79
4.266,-2.21,-1.72,-4.14,5.00
4.276,-1.48,-2.33,-3.97,4.83
4.286,-1.63,-2.29,-2.59,3.82
4.296,-2.37,-1.52,-0.80,2.93
4.306,-3.06,-1.09,0.20,3.25
4.316,-3.45,-1.22,0.25,3.67
4.326,-3.65,-1.65,0.10,4.00
4.336,-3.45,-1.57,0.04,3.79
4.346,-3.83,-1.10,0.08,3.99
4.356,-4.24,-1.00,-0.04,4.36
4.366,-4.04,-1.22,-0.19,4.23
4.376,-2.62,-1.40,-0.09,2.97
4.386,-1.63,-1.03,0.58,2.01
4.396,-2.80,-0.84,2.04,3.57
4.406,-4.80,-0.84,3.37,5.93
4.416,-4.74,-0.93,4.00,6.27
4.426,-3.99,-0.99,3.85,5.63
4.436,-4.10,-0.97,3.39,5.41
4.446,-4.56,-1.25,3.01,5.61
4.456,-4.30,-1.34,3.04,5.43
4.466,-3.44,-1.51,3.17,4.92
4.476,-2.19,-1.89,3.61,4.62
4.486,-0.78,-1.98,4.13,4.65
4.496,-0.61,-2.30,4.55,5.14
4.506,-0.46,-2.79,5.02,5.76
4.516,0.52,-2.76,5.13,5.85
4.526,1.62,-2.54,4.47,5.39
4.536,1.70,-2.67,3.74,4.90
4.546,0.65,-2.90,3.47,4.57
4.556,-0.05,-2.68,3.48,4.39
4.565,-0.87,-2.38,3.27,4.14
4.576,-1.61,-2.57,3.32,4.49
4.585,-0.90,-2.54,3.69,4.57
4.595,0.08,-2.57,4.22,4.94
4.605,0.45,-2.70,5.12,5.80
4.615,0.45,-2.80,5.83,6.48
4.625,0.53,-2.85,5.84,6.52
4.635,0.53,-3.35,5.37,6.35
4.645,0.61,-3.71,4.91,6.18
4.655,1.00,-3.86,4.41,5.95
4.665,1.49,-4.18,4.21,6.11
4.675,1.79,-4.45,4.19,6.37
4.685,1.42,-4.76,4.61,6.78
4.695,1.25,-5.14,4.99,7.27
4.705,1.52,-5.30,4.69,7.24
4.715,1.85,-5.56,4.11,7.15
4.725,2.29,-5.85,3.46,7.17
4.735,3.17,-5.87,2.86,7.26
4.745,4.05,-6.05,2.80,7.80
4.755,4.67,-6.08,2.85,8.18
4.765,4.82,-5.73,2.12,7.78
4.775,4.12,-5.55,0.85,6.96
4.785,3.54,-5.37,0.54,6.46
4.795,3.36,-5.03,0.98,6.13
4.805,3.19,-4.70,1.44,5.86
4.815,3.26,-4.61,1.52,5.85
4.825,3.49,-4.80,1.88,6.23
4.835,3.69,-4.76,2.35,6.46
4.845,3.16,-4.44,2.32,5.92
4.854,2.10,-4.28,1.55,5.01
4.865,1.30,-4.17,0.51,4.39
4.875,1.14,-4.05,-0.20,4.22
4.884,1.39,-3.93,-0.16,4.17
4.894,1.52,-3.70,0.34,4.01
4.904,1.08,-3.69,0.39,3.87
4.914,0.78,-3.67,0.06,3.76
4.924,0.56,-3.46,-0.57,3.55
4.934,0.44,-3.36,-0.95,3.52
4.944,0.90,-3.41,-0.65,3.59
4.954,1.61,-3.36,0.11,3.72
4.964,2.05,-3.31,1.03,4.03
4.974,1.40,-3.48,1.39,4.00
4.984,0.44,-3.57,0.91,3.71
4.994,-0.38,-3.43,0.25,3.46
5.004,-1.03,-3.41,-0.32,3.58
5.014,-1.10,-3.44,-0.59,3.66
5.024,-0.20,-3.45,-0.00,3.45
5.034,0.76,-3.40,1.26,3.70
5.044,0.39,-3.36,1.89,3.88
5.054,-0.13,-3.45,1.85,3.92
5.064,-0.08,-3.56,2.32,4.25
5.074,-0.59,-3.57,2.81,4.58
5.084,-0.94,-3.61,3.01,4.79
5.094,-0.89,-3.47,3.55,5.04
5.104,-0.76,-3.26,3.93,5.16
5.114,-0.26,-3.39,4.11,5.34
5.124,0.29,-3.53,4.07,5.40
5.134,0.65,-3.80,3.46,5.18
5.144,0.55,-3.79,2.88,4.79
5.154,-0.09,-3.45,1.99,3.99
5.164,-0.96,-3.24,1.42,3.66
5.174,-1.97,-2.72,0.96,3.49
5.183,-2.43,-2.22,0.66,3.36
5.193,-2.21,-1.99,1.07,3.16
5.203,-1.57,-2.18,1.76,3.21
5.213,-1.44,-2.47,2.58,3.85
5.223,-2.20,-2.60,2.94,4.50
5.233,-3.33,-2.47,3.43,5.38
5.243,-4.85,-1.88,3.51,6.27
5.253,-5.49,-1.61,3.23,6.57
5.263,-6.48,-1.26,2.81,7.18
5.273,-6.79,-0.75,1.56,7.01
5.283,-6.24,-0.46,0.87,6.32
5.293,-5.47,-0.28,0.30,5.49
5.303,-5.11,-0.17,-0.90,5.19
5.313,-4.94,-0.06,-2.23,5.42
5.323,-4.47,0.15,-3.38,5.61
5.333,-4.07,0.19,-3.66,5.47
5.343,-4.10,0.17,-3.62,5.47
5.353,-4.93,0.44,-3.02,5.79
5.363,-5.92,0.93,-2.33,6.43
5.373,-6.41,1.09,-2.21,6.87
5.383,-5.87,0.84,-3.12,6.70
5.393,-4.70,0.62,-4.82,6.76
5.403,-3.81,0.30,-6.56,7.59
5.413,-3.23,-0.37,-7.36,8.04
5.423,-2.51,-0.79,-6.99,7.47
5.433,-1.89,-0.83,-5.84,6.19
5.443,-2.22,-0.60,-4.13,4.73
5.453,-2.89,-0.50,-2.63,3.94
5.463,-3.53,-0.24,-1.21,3.74
5.473,-3.99,-0.15,-0.06,3.99
5.483,-3.53,-0.27,0.20,3.55
5.492,-2.33,-0.49,-0.67,2.47
5.502,-2.05,-0.83,-1.54,2.70
5.512,-2.52,-0.64,-1.38,2.94
5.522,-2.76,-0.37,-0.90,2.92
5.532,-2.78,-0.38,-0.20,2.81
5.542,-2.73,-0.39,0.29,2.77
5.552,-2.78,-0.09,0.44,2.82
5.562,-2.69,0.13,-0.24,2.71
5.572,-2.77,-0.70,-1.51,3.24
5.582,-2.69,-1.75,-2.10,3.84
5.592,-2.11,-2.07,-1.82,3.47
5.602,-1.20,-1.94,-1.46,2.71
5.612,-0.85,-1.73,-1.03,2.19
5.622,-1.28,-1.26,-0.58,1.89
5.632,-2.31,-0.78,-0.70,2.54
5.642,-3.31,-0.29,-1.45,3.63
5.652,-3.67,-0.48,-2.53,4.48
5.662,-3.48,-1.50,-3.65,5.26
5.672,-3.45,-2.43,-4.10,5.89
5.682,-2.98,-2.43,-3.94,5.51
5.693,-1.21,-1.95,-3.51,4.19
5.702,0.44,-1.85,-2.75,3.35
5.712,1.04,-1.86,-2.42,3.22
5.722,1.07,-1.52,-2.21,2.88
5.732,0.34,-1.05,-1.91,2.20
5.742,-0.56,-0.85,-1.94,2.19
5.752,-1.13,-0.71,-2.25,2.62
5.762,-1.39,-0.66,-2.49,2.92
5.772,-1.26,-0.81,-2.60,3.00
5.782,-0.59,-1.32,-2.54,2.92
5.792,-0.26,-1.35,-2.17,2.57
5.802,-0.47,-0.47,-1.81,1.93
5.812,-0.20,0.27,-2.25,2.27
5.821,-0.29,0.39,-3.47,3.51
5.831,-1.94,-0.09,-4.36,4.78
5.841,-3.92,-0.57,-4.10,5.70
5.851,-4.22,-0.44,-3.29,5.37
5.861,-3.39,-0.48,-2.58,4.29
5.871,-2.46,-0.72,-1.84,3.16
5.881,-1.52,-0.69,-0.97,1.93
5.891,-0.85,-0.67,-0.05,1.08
5.901,-1.16,-0.71,0.33,1.40
5.911,-2.86,-0.76,0.50,3.00
5.921,-4.63,-1.02,1.00,4.85
5.931,-5.04,-1.27,1.81,5.51
5.941,-5.39,-1.27,2.40,6.04
5.951,-6.00,-1.05,3.19,6.87
5.961,-5.47,-0.88,3.59,6.60
5.971,-3.80,-0.83,2.92,4.86
5.981,-2.11,-0.80,1.98,3.00
5.991,-1.67,-0.71,1.86,2.60
6.001,-2.23,-0.57,2.21,3.19
6.011,-3.48,-0.70,2.63,4.42
6.021,-4.30,-0.99,3.51,5.64
6.031,-4.17,-1.21,4.19,6.03
6.041,-4.14,-1.32,4.49,6.25
6.051,-4.93,-1.63,4.96,7.18
6.061,-4.62,-1.88,5.84,7.68
6.071,-2.82,-1.90,6.28,7.14
6.081,-0.81,-2.15,6.34,6.74
6.091,0.58,-2.59,6.76,7.26
6.101,0.67,-2.85,7.43,7.99
6.111,0.70,-3.05,7.80,8.40
6.121,1.49,-3.23,7.34,8.16
6.130,2.40,-3.32,6.11,7.36
6.140,2.93,-3.57,5.29,7.02
6.150,3.02,-3.70,5.50,7.29
6.160,3.12,-3.57,5.64,7.37
6.170,2.83,-3.76,5.46,7.21
6.180,2.29,-4.20,5.71,7.45
6.190,2.42,-4.32,6.59,8.24
6.200,3.07,-4.40,7.10,8.90
6.210,3.62,-4.80,6.65,8.97
6.220,4.13,-5.36,6.23,9.20
6.230,4.53,-5.61,6.38,9.63
6.240,4.61,-5.63,5.82,9.31
6.250,4.31,-5.85,4.06,8.32
6.260,3.99,-6.02,2.31,7.58
6.270,3.61,-6.02,1.68,7.22
6.280,3.48,-5.89,2.60,7.32
6.290,3.36,-5.83,4.21,7.94
6.300,3.22,-6.33,4.99,8.68
6.310,3.28,-7.11,5.15,9.37
6.320,2.83,-7.73,4.25,9.26
6.330,3.25,-8.03,2.76,9.09
6.340,3.37,-8.53,2.44,9.49
6.350,3.25,-8.82,2.27,9.67
6.360,3.97,-8.87,1.70,9.87
6.370,3.61,-9.11,0.86,9.83
6.380,2.37,-9.03,-0.55,9.35
6.390,2.44,-8.55,-1.70,9.05
6.400,2.42,-8.21,-1.63,8.72
6.410,2.24,-7.98,-1.65,8.45
6.420,2.00,-8.04,-1.51,8.42
6.429,-0.32,-7.95,-1.02,8.02
6.440,-5.30,-7.03,-1.91,9.01
6.449,-8.83,-4.65,-3.40,10.54
6.460,-8.71,-2.20,-3.87,9.79
6.469,-7.51,-1.86,-4.38,8.89
6.479,-6.30,-1.69,-5.27,8.39
6.489,-4.46,-1.15,-6.66,8.10
6.499,-3.56,-0.98,-8.43,9.20
6.509,-3.01,0.07,-10.93,11.34
6.519,-3.73,2.21,-12.40,13.13
6.529,-6.81,5.28,-11.92,14.71
6.539,-11.10,8.29,-12.61,18.73
6.549,-15.04,9.54,-15.05,23.32
6.559,-17.68,9.29,-18.58,27.28
6.569,-18.09,9.07,-19.19,27.89
6.579,-18.59,8.91,-19.96,28.70
6.589,-19.20,8.83,-20.88,29.71
6.599,-14.41,-9.33,-16.22,23.61
6.609,-11.76,-15.77,-9.13,21.69
6.619,-9.20,-21.30,-1.41,23.25
6.629,-5.25,-26.91,5.97,28.06
6.639,1.75,-32.48,11.68,34.56
6.649,1.21,-32.11,11.28,34.05
6.659,0.74,-31.77,10.99,33.63
6.669,0.38,-31.53,10.82,33.34
6.679,0.21,-31.43,10.77,33.23
6.689,0.32,-31.49,10.79,33.29
6.699,0.76,-31.64,10.87,33.46
6.709,20.05,-19.82,7.39,29.14
6.719,-0.22,-12.74,3.13,13.11
6.729,-18.63,-3.23,-1.74,18.99
6.739,-33.97,8.98,-8.27,36.10
6.748,-33.70,8.96,-8.15,35.81
6.758,-33.71,8.99,-8.19,35.83
6.768,-33.92,9.10,-8.38,36.11
6.778,-34.28,9.28,-8.68,36.56
6.788,-34.71,9.55,-9.03,37.11
6.798,-35.16,9.89,-9.40,37.72
6.808,-14.52,10.04,-7.21,19.07
6.818,-12.49,0.71,-3.97,13.12
6.828,-8.06,-9.96,0.05,12.81
6.838,1.02,-21.18,6.04,22.05
6.848,12.99,-31.24,13.39,36.38
6.858,12.79,-31.27,13.44,36.36
6.868,12.81,-31.55,13.58,36.66
6.878,13.05,-31.99,13.80,37.20
6.888,13.47,-32.49,14.06,37.87
6.898,14.02,-32.91,14.33,38.53
6.908,9.26,-16.82,-10.47,21.87
6.918,-5.42,-7.83,-12.24,15.51
6.928,-17.91,2.42,-12.15,21.78
6.938,-26.79,13.50,-10.89,31.92
6.948,-26.69,13.57,-10.93,31.87
6.958,-26.76,13.66,-11.02,32.00
6.968,-26.97,13.76,-11.15,32.27
6.978,-27.29,13.88,-11.31,32.64
6.988,-27.67,14.05,-11.48,33.09
6.998,-14.91,13.02,-6.74,20.91
7.008,-12.30,3.39,-5.31,13.82
7.018,-8.08,-7.47,-2.16,11.21
7.028,-0.01,-19.06,3.19,19.33
7.038,11.86,-29.07,8.54,32.54
7.047,25.66,-34.82,10.81,44.59
7.057,25.69,-34.94,10.87,44.71
7.067,25.89,-35.21,11.00,45.07
7.077,26.26,-35.58,11.19,45.61
7.087,26.77,-35.95,11.42,46.26
7.097,7.11,-21.63,-3.12,22.98
7.107,-7.19,-12.70,-6.76,16.08
7.117,-17.78,-1.86,-9.76,20.37
7.127,-24.59,10.41,-11.94,29.25
7.137,-24.40,10.41,-11.88,29.06
7.147,-24.38,10.46,-11.92,29.08
7.157,-24.51,10.54,-12.04,29.27
7.167,-24.76,10.66,-12.21,29.60
7.177,-25.10,10.83,-12.42,30.02
7.187,-25.49,11.07,-12.67,30.54
7.197,-14.28,8.15,-7.91,18.25
7.207,-11.84,-0.55,-4.96,12.85
7.217,-7.89,-9.25,-0.58,12.17
7.227,-0.47,-16.89,4.73,17.54
7.237,8.97,-22.34,9.40,25.84
7.247,17.70,-26.31,12.68,34.15
7.257,17.71,-26.43,12.74,34.28
7.267,17.80,-26.67,12.87,34.55
7.277,17.97,-26.99,13.04,34.95
7.287,18.24,-27.34,13.25,35.44
7.297,14.16,-16.97,-0.18,22.10
7.307,1.81,-11.18,-3.75,11.92
7.317,-8.86,-2.91,-4.69,10.44
7.327,-16.25,5.85,-5.44,18.11
7.337,-20.87,14.12,-6.13,25.93
7.347,-23.69,19.62,-6.85,31.51
7.356,-23.77,19.59,-6.84,31.56
7.366,-23.97,19.63,-6.89,31.74
7.376,-24.24,19.72,-7.00,32.02
7.386,-24.55,19.88,-7.15,32.39
7.397,-8.44,7.94,-8.07,14.12
7.406,-7.01,0.41,-5.75,9.07
7.416,-3.67,-7.72,-2.12,8.81
7.426,2.26,-16.58,2.10,16.86
7.436,10.87,-24.07,6.87,27.29
7.446,21.66,-26.90,11.43,36.38
7.456,21.71,-26.96,11.46,36.47
7.466,21.87,-27.18,11.57,36.76
7.476,22.13,-27.50,11.75,37.20
7.486,13.86,-23.21,5.93,27.68
7.496,1.91,-17.61,0.99,17.74
7.506,-9.93,-9.35,-2.30,13.84
7.516,-17.55,0.76,-5.70,18.47
7.526,-21.70,11.60,-9.24,26.29
7.536,-21.54,11.53,-9.14,26.09
7.546,-21.51,11.52,-9.12,26.05
7.556,-21.61,11.56,-9.18,26.17
7.566,-21.82,11.66,-9.30,26.43
7.576,-22.09,11.81,-9.47,26.77
7.586,-12.64,12.80,-11.00,21.08
7.596,-9.65,5.54,-8.89,14.24
7.606,-6.95,-2.39,-5.76,9.34
7.616,-2.40,-9.98,-0.99,10.32
7.626,3.51,-16.30,4.67,17.32
7.636,10.07,-21.14,9.78,25.38
7.646,17.52,-22.93,12.64,31.50
7.656,17.56,-22.98,12.66,31.57
7.666,17.66,-23.13,12.75,31.77
7.676,18.32,-21.55,10.45,30.16
7.685,13.25,-20.44,6.12,25.12
7.696,5.21,-17.33,2.85,18.32
7.705,-2.92,-11.10,1.38,11.56
7.716,-8.89,-2.92,-1.08,9.41
7.726,-13.31,6.01,-3.89,15.11
7.735,-16.79,14.29,-7.02,23.14
7.745,-20.21,19.51,-11.19,30.24
7.755,-20.22,19.49,-11.17,30.22
7.765,-20.34,19.55,-11.25,30.37
7.775,-20.56,19.69,-11.40,30.67
7.785,-20.83,19.90,-11.62,31.06
7.795,-7.63,7.41,-10.32,14.82
7.805,-4.15,-0.13,-6.76,7.94
7.815,0.22,-7.44,-1.59,7.61
7.825,6.03,-14.07,4.26,15.89
7.835,13.09,-18.16,9.97,24.51
7.845,18.84,-18.57,12.86,29.41
7.855,18.90,-18.60,12.88,29.48
7.865,18.95,-16.22,10.45,27.04
7.875,13.86,-13.63,6.58,20.52
7.885,5.21,-10.67,2.85,12.21
7.895,-3.46,-5.93,0.71,6.90
7.905,-9.21,-0.70,-1.21,9.31
7.915,-12.43,3.74,-3.04,13.33
7.925,-13.72,7.49,-4.02,16.14
7.935,-12.86,9.41,-4.61,16.59
7.945,-11.14,9.25,-5.03,15.32
7.955,-8.93,8.32,-4.49,13.01
7.965,-6.38,7.00,-3.77,10.19
7.975,-4.55,4.76,-3.59,7.50
7.985,-3.09,2.78,-3.32,5.32
7.994,-1.81,0.62,-2.68,3.29
8.004,-0.85,-1.89,-1.63,2.63
8.014,-0.01,-4.13,0.06,4.13
8.024,1.66,-5.63,2.11,6.23
8.034,4.11,-6.49,3.78,8.56
8.044,6.11,-6.37,4.37,9.84
8.054,6.20,-5.94,4.28,9.59
8.064,4.88,-5.56,3.79,8.31
8.074,3.22,-4.83,2.59,6.35
8.084,1.57,-4.21,1.49,4.73
8.094,-0.37,-3.54,0.88,3.67
8.104,-0.27,-2.00,-0.01,2.02
8.114,0.99,-0.72,-0.89,1.51
8.124,1.96,0.40,-0.91,2.20
8.134,1.70,1.44,-0.31,2.25
8.144,0.89,2.16,0.08,2.34
8.154,0.31,2.77,-0.13,2.79
8.164,-0.09,3.09,-0.38,3.11
8.174,-0.89,3.27,-0.30,3.40
8.184,-1.85,3.56,-0.12,4.02
8.194,-2.08,3.68,0.07,4.22
8.204,-1.82,3.36,0.05,3.82
8.214,-1.31,3.06,-0.25,3.34
8.224,-0.81,2.55,-0.77,2.78
8.234,-0.49,1.59,-0.90,1.89
8.244,0.22,0.62,-0.68,0.94
8.254,1.06,-0.38,-0.49,1.23
8.264,1.86,-1.64,-0.35,2.50
8.274,2.87,-2.91,-0.10,4.09
8.284,3.22,-3.75,0.53,4.97
8.294,3.15,-3.99,1.41,5.27
8.304,3.47,-4.29,2.00,5.87
8.313,3.57,-4.73,2.26,6.34
8.323,3.27,-4.80,1.82,6.09
8.334,3.14,-4.61,0.98,5.66
8.343,3.09,-4.07,0.13,5.11
8.353,2.88,-3.28,-0.56,4.40
8.363,2.65,-2.33,-1.20,3.73
8.373,2.10,-1.64,-1.71,3.17
8.383,1.25,-0.85,-1.91,2.44
8.393,0.26,-0.19,-1.98,2.01
8.403,-0.54,0.45,-1.96,2.08
8.413,-1.49,1.07,-1.41,2.32
8.423,-2.33,1.55,-0.65,2.87
8.433,-2.61,2.55,0.40,3.68
8.443,-2.73,3.93,1.30,4.96
8.453,-2.86,5.56,1.86,6.52
8.463,-3.52,7.08,1.73,8.09
8.473,-5.01,8.40,1.49,9.89
8.483,-7.14,9.18,1.26,11.70
8.493,-9.00,9.51,1.09,13.14
8.503,-9.87,10.01,1.56,14.14
8.513,-10.07,10.19,2.25,14.50
8.523,-9.64,9.92,2.82,14.12
8.533,-8.76,9.22,2.77,13.02
8.543,-7.74,8.00,2.15,11.34
8.553,-6.59,6.64,1.24,9.44
8.563,-5.45,5.40,0.01,7.67
8.573,-4.44,4.07,-1.12,6.13
8.583,-3.72,2.72,-1.98,5.01
8.593,-3.06,1.33,-2.50,4.17
8.603,-2.60,0.03,-2.45,3.57
8.612,-2.11,-1.12,-2.07,3.16
8.623,-1.30,-2.03,-1.71,2.96
8.632,-0.49,-3.05,-1.36,3.38
8.643,0.34,-3.93,-1.11,4.10
8.652,0.80,-4.64,-1.20,4.86
8.662,1.19,-5.27,-1.65,5.65
8.672,1.84,-5.75,-2.04,6.37
8.682,2.34,-6.27,-2.16,7.03
8.692,2.53,-6.99,-2.27,7.78
8.702,2.46,-7.58,-2.37,8.31
8.712,2.05,-8.66,-2.11,9.14
8.722,1.67,-9.85,-1.27,10.07
8.732,2.02,-10.36,0.02,10.56
8.742,2.72,-10.82,1.53,11.26
8.752,3.65,-11.16,2.63,12.03
8.762,4.44,-10.86,3.12,12.14
8.772,4.76,-10.59,3.14,12.03
8.782,4.58,-10.58,2.59,11.82
8.792,4.06,-10.38,1.90,11.30
8.802,3.39,-10.29,1.30,10.91
8.812,2.62,-10.39,0.63,10.73
8.822,2.04,-10.14,-0.01,10.35
8.832,2.25,-9.08,-0.30,9.36
8.842,3.00,-7.82,-0.27,8.38
8.852,3.38,-6.74,-0.41,7.56
8.862,3.24,-5.78,-0.75,6.67
8.872,2.28,-4.95,-1.34,5.61
8.882,0.69,-3.81,-1.79,4.26
8.892,-0.72,-2.37,-1.54,2.91
8.902,-1.49,-0.75,-1.23,2.07
8.912,-1.83,0.91,-0.95,2.25
8.922,-2.14,2.67,-0.91,3.54
8.932,-2.71,4.42,-1.12,5.30
8.942,-3.45,6.12,-1.25,7.13
8.951,-4.86,7.64,-1.34,9.15
8.962,-7.23,8.80,-1.23,11.46
8.971,-9.54,9.84,-0.60,13.72
8.981,-11.35,10.87,0.17,15.71
8.992,-12.16,11.29,0.81,16.62
9.001,-11.62,11.46,1.53,16.39
9.011,-10.00,11.81,1.90,15.59
9.021,-8.53,11.52,2.22,14.50
9.031,-7.49,10.76,2.45,13.33
9.041,-6.70,10.09,2.37,12.34
9.051,-6.44,9.25,1.72,11.41
9.061,-6.43,8.21,0.57,10.44
9.071,-6.18,7.06,-0.53,9.40
9.081,-5.66,6.17,-1.34,8.48
9.091,-5.32,5.23,-1.95,7.71
9.101,-4.91,4.29,-2.47,6.97
9.111,-4.15,3.44,-2.66,6.01
9.121,-3.41,2.36,-2.43,4.81
9.131,-2.54,1.31,-1.84,3.40
9.141,-1.63,0.30,-1.05,1.96
9.151,-0.99,-0.69,-0.25,1.23
9.161,-0.78,-1.75,0.43,1.97
9.171,-0.60,-2.64,0.73,2.81
9.181,-0.57,-3.33,0.62,3.43
9.191,-0.84,-4.26,0.42,4.36
9.201,-0.77,-5.09,0.42,5.17
9.211,-0.18,-5.66,0.46,5.68
9.221,0.72,-6.37,0.60,6.44
9.231,1.54,-7.12,0.48,7.30
9.241,2.26,-7.88,-0.15,8.20
9.251,2.80,-8.67,-0.45,9.12
9.261,3.30,-8.98,-0.17,9.57
9.270,3.78,-9.03,0.35,9.80
9.280,4.14,-9.21,0.78,10.13
9.290,4.25,-9.58,1.22,10.55
9.301,4.29,-9.95,1.75,10.98
9.310,4.27,-10.19,2.18,11.26
9.320,4.14,-10.39,2.23,11.40
9.330,4.20,-10.58,1.96,11.55
9.341,4.43,-10.63,1.63,11.64
9.351,4.50,-10.51,0.99,11.48
9.360,4.50,-10.33,0.20,11.27
9.370,4.42,-9.85,-0.33,10.80
9.380,4.02,-8.92,-0.63,9.80
9.391,3.09,-8.12,-0.84,8.73
9.400,1.91,-7.43,-0.75,7.70
9.410,0.67,-6.63,-0.49,6.69
9.420,-0.51,-5.60,0.01,5.62
9.430,-1.68,-4.45,0.58,4.79
9.440,-2.68,-3.30,0.91,4.35
9.450,-3.06,-1.68,0.92,3.61
9.460,-3.29,0.21,0.54,3.34
9.470,-3.60,2.16,-0.36,4.22
9.480,-4.25,4.07,-1.26,6.02
9.490,-5.00,6.00,-1.89,8.03
9.500,-5.92,7.72,-2.12,9.96
9.510,-7.15,9.27,-2.18,11.91
9.520,-8.40,10.70,-2.02,13.75
9.530,-9.34,11.88,-1.67,15.20
9.540,-10.01,12.58,-1.28,16.13
9.550,-10.29,13.00,-0.92,16.60
9.560,-10.01,13.14,-0.82,16.54
9.570,-9.55,12.80,-0.86,15.99
9.579,-9.08,12.05,-0.89,15.11
9.589,-8.31,10.96,-0.57,13.76
9.599,-7.56,9.66,0.07,12.27
9.609,-6.83,8.31,0.59,10.77
9.619,-5.71,6.94,0.80,9.02
9.629,-4.56,5.67,0.30,7.28
9.639,-3.66,4.56,-0.62,5.88
9.649,-3.05,3.68,-1.55,5.02
9.659,-2.81,2.76,-2.40,4.61
9.669,-2.82,1.75,-2.94,4.43
9.679,-2.70,0.81,-3.03,4.14
9.689,-2.33,-0.20,-2.35,3.31
9.699,-1.70,-1.20,-1.43,2.52
9.709,-1.23,-2.20,-0.64,2.60
9.719,-0.87,-3.28,0.04,3.39
9.729,-0.16,-4.24,0.68,4.30
9.739,0.63,-5.15,1.22,5.33
9.749,1.15,-6.07,1.55,6.37
9.759,1.36,-6.85,1.67,7.18
9.769,1.39,-7.48,1.48,7.75
9.779,1.43,-8.31,1.16,8.51
9.789,1.79,-9.10,1.21,9.36
9.799,2.28,-9.65,1.73,10.07
9.809,2.88,-10.29,2.19,10.91
9.819,3.80,-10.84,2.59,11.77
9.829,4.72,-11.39,2.93,12.67
9.839,5.53,-11.83,3.01,13.40
9.849,6.11,-12.01,2.96,13.79
9.859,6.33,-11.92,2.54,13.73
9.868,6.16,-11.66,1.95,13.33
9.879,5.68,-11.31,1.27,12.72
9.888,5.01,-10.87,0.69,11.99
9.898,4.10,-10.26,0.11,11.05
9.908,3.17,-9.50,-0.27,10.02
9.919,2.45,-8.72,-0.34,9.06
9.928,2.01,-7.89,-0.37,8.15
9.938,1.53,-6.90,-0.46,7.08
9.948,1.01,-5.68,-0.48,5.79
9.958,0.27,-4.33,-0.44,4.36
9.968,-0.67,-2.83,-0.73,3.00
9.978,-1.81,-1.11,-1.22,2.45
9.988,-3.33,0.74,-1.52,3.74
9.998,-5.04,2.79,-1.83,6.05
10.008,-6.67,4.92,-1.99,8.53
10.018,-7.90,7.16,-2.02,10.85
10.028,-8.73,9.35,-1.96,12.94
10.038,-9.33,11.14,-1.90,14.65
10.048,-9.97,12.69,-1.78,16.24
10.058,-10.74,13.84,-1.74,17.60
10.068,-11.75,14.06,-1.96,18.43
10.078,-12.04,14.38,-2.36,18.91
10.088,-11.43,14.66,-2.14,18.72
10.098,-11.53,12.69,-1.88,17.25
10.108,-10.27,11.87,-1.68,15.79
10.118,-9.24,10.47,-1.08,14.00
10.128,-8.26,8.75,-0.83,12.07
10.138,-7.10,7.13,-0.46,10.07
10.148,-5.79,5.48,-0.13,7.98
10.158,-4.37,4.00,-0.30,5.94
10.168,-3.27,2.58,-1.11,4.31
10.178,-2.42,1.25,-1.80,3.27
10.188,-1.75,0.10,-2.20,2.82
10.198,-1.34,-1.10,-2.28,2.87
10.207,-0.98,-2.36,-1.94,3.21
10.217,-0.38,-3.48,-1.24,3.71
10.227,0.38,-4.53,-0.29,4.56
10.237,0.79,-5.48,0.49,5.56
10.247,0.77,-6.39,0.86,6.49
10.257,0.77,-7.26,1.24,7.40
10.267,0.77,-8.09,1.92,8.35
10.277,1.19,-8.83,2.73,9.32
10.287,2.12,-9.45,3.39,10.26
10.297,2.92,-9.95,3.77,11.03
10.307,3.41,-10.49,3.71,11.64
10.317,3.92,-11.15,3.54,12.34
10.327,4.52,-11.73,3.41,13.02
10.337,5.26,-12.03,3.39,13.56
10.347,6.09,-12.08,3.63,14.00
10.357,6.69,-12.03,4.03,14.34
10.367,6.67,-11.90,4.17,14.27
10.377,6.11,-11.60,3.94,13.69
10.387,5.47,-11.07,2.99,12.70
10.397,5.15,-10.25,1.59,11.58
10.407,4.68,-9.41,0.36,10.52
10.417,3.88,-8.55,-0.58,9.41
10.427,2.50,-7.66,-1.30,8.16
10.437,0.74,-6.76,-1.59,6.99
10.447,-0.75,-5.88,-1.53,6.12
10.457,-1.65,-4.55,-1.13,4.97
10.467,-2.54,-2.88,-0.64,3.89
10.477,-3.49,-1.05,-0.77,3.72
10.486,-4.43,1.22,-1.50,4.83
10.497,-5.52,3.72,-2.31,7.04
10.506,-6.67,6.14,-3.25,9.62
10.516,-7.80,8.33,-4.17,12.15
10.526,-9.21,10.20,-4.30,14.40
10.536,-10.52,11.82,-3.92,16.31
10.547,-11.32,13.02,-3.54,17.61
10.556,-11.50,13.82,-3.29,18.28
10.566,-11.22,14.03,-3.29,18.27
10.576,-10.70,13.52,-3.14,17.53
10.586,-9.98,12.73,-2.78,16.41
10.596,-9.24,11.62,-2.38,15.04
10.606,-8.62,10.13,-1.86,13.43
10.616,-8.15,8.59,-1.23,11.90
10.626,-7.58,7.01,-0.65,10.35
10.636,-6.66,5.41,-0.21,8.58
10.646,-5.32,4.03,-0.15,6.67
10.656,-4.11,2.66,-0.67,4.94
10.666,-3.21,1.22,-1.39,3.70
10.676,-2.49,-0.08,-1.95,3.16
10.686,-1.98,-1.36,-2.20,3.26
10.696,-1.47,-2.51,-2.04,3.55
10.706,-0.66,-3.60,-1.68,4.03
10.716,0.21,-4.73,-1.28,4.90
10.726,1.23,-5.56,-0.59,5.72
10.736,2.08,-6.15,0.08,6.49
10.746,2.38,-6.93,0.71,7.36
10.756,2.48,-7.49,1.31,8.00
10.766,2.63,-7.85,1.74,8.46
10.776,2.67,-8.32,1.92,8.95
10.786,2.79,-8.79,1.84,9.40
10.796,3.23,-9.09,1.77,9.80
10.805,3.80,-9.58,1.86,10.47
10.816,4.41,-10.23,2.24,11.36
10.825,5.20,-10.56,2.86,12.12
10.835,6.16,-10.58,3.39,12.70
10.845,6.86,-10.79,3.72,13.32
10.855,7.04,-10.93,3.55,13.47
10.865,6.51,-10.82,3.03,12.99
10.875,5.84,-10.60,2.63,12.38
10.885,5.02,-10.30,1.99,11.63
10.895,4.20,-9.74,1.37,10.70
10.905,3.34,-8.99,0.62,9.61
10.915,2.16,-8.33,-0.16,8.61
10.925,0.99,-7.57,-0.64,7.67
10.935,0.08,-6.54,-0.89,6.61
10.945,-0.65,-5.18,-1.14,5.34
10.955,-1.67,-3.94,-1.53,4.55
10.965,-2.92,-2.65,-1.84,4.35
10.975,-4.03,-0.38,-2.15,4.58
10.985,-5.29,2.12,-2.12,6.08
10.995,-6.62,4.60,-1.67,8.23
11.005,-8.10,7.23,-1.49,10.96
11.015,-10.20,9.56,-1.57,14.07
11.025,-12.21,11.69,-1.59,16.98
11.035,-13.13,13.45,-1.64,18.87
11.045,-13.13,14.42,-1.56,19.57
11.055,-12.60,14.75,-1.47,19.45
11.065,-12.68,14.79,-1.51,19.54
11.075,-10.59,13.98,-1.41,17.60
11.085,-9.70,12.81,-1.22,16.12
11.095,-9.05,11.33,-0.81,14.53
11.105,-8.41,9.68,-0.40,12.83
11.114,-7.67,8.02,-0.12,11.10
11.125,-6.63,6.39,-0.46,9.22
11.135,-5.58,4.59,-1.43,7.37
11.144,-4.63,2.90,-2.36,5.95
11.154,-3.83,1.44,-2.72,4.91
11.164,-3.25,-0.02,-2.92,4.37
11.174,-2.66,-1.52,-2.87,4.19
11.184,-1.87,-2.85,-2.56,4.26
11.194,-1.02,-3.90,-2.19,4.59
11.204,-0.23,-4.96,-1.94,5.33
11.214,0.44,-6.01,-1.45,6.20
11.224,1.02,-6.95,-0.41,7.04
11.234,1.42,-7.85,0.63,8.00
11.244,1.88,-8.84,1.46,9.16
11.254,2.70,-9.56,2.30,10.20
11.264,3.71,-10.02,2.77,11.04
11.274,4.66,-10.49,2.94,11.85
11.284,5.33,-11.00,2.87,12.56
11.294,5.69,-11.45,2.81,13.09
11.304,6.13,-11.54,3.02,13.41
11.314,6.49,-11.16,3.42,13.35
11.324,6.38,-10.68,3.55,12.94
11.334,5.85,-10.16,3.18,12.15
11.344,5.04,-9.45,2.40,10.97
11.354,4.14,-8.71,1.33,9.74
11.364,3.28,-7.76,0.16,8.43
11.374,2.40,-6.72,-0.72,7.17
11.384,1.79,-5.48,-1.25,5.89
11.394,0.77,-4.05,-1.78,4.49
11.404,-0.79,-2.64,-2.08,3.45
11.414,-2.03,-1.08,-1.90,2.99
11.424,-3.23,0.57,-1.61,3.65
11.433,-4.67,2.05,-1.29,5.26
11.444,-5.70,3.43,-1.10,6.75
11.453,-6.20,4.47,-1.15,7.72
11.464,-6.42,5.09,-1.30,8.30
11.473,-6.01,5.48,-1.23,8.22
11.484,-4.98,5.57,-1.09,7.55
11.493,-3.89,5.50,-1.34,6.87
11.503,-3.22,5.31,-1.71,6.44
11.513,-2.95,5.16,-1.75,6.20
11.523,-3.23,5.04,-1.49,6.17
11.533,-3.44,4.96,-1.13,6.14
11.543,-3.86,4.81,-0.91,6.23
11.553,-4.53,4.75,-0.84,6.61
11.563,-4.44,4.77,-0.79,6.56
11.573,-3.83,4.58,-1.19,6.09
11.583,-3.01,4.31,-2.11,5.66
11.593,-2.23,4.14,-2.66,5.40
11.603,-1.88,4.13,-2.96,5.41
11.613,-2.04,4.19,-2.95,5.51
11.623,-2.64,4.10,-2.70,5.57
11.633,-3.18,3.74,-1.97,5.29
11.643,-3.34,3.44,-0.80,4.86
11.653,-3.49,3.12,0.40,4.70
11.663,-3.24,2.87,1.24,4.50
11.673,-2.65,2.48,1.26,3.85
11.683,-2.16,1.97,0.45,2.96
11.693,-1.88,1.52,-0.52,2.47
11.703,-1.93,1.08,-1.06,2.46
11.713,-2.00,0.59,-0.87,2.26
11.723,-1.63,0.15,-0.03,1.64
11.733,-1.26,-0.45,0.78,1.55
11.743,-0.94,-1.32,1.09,1.95
11.753,-0.61,-2.50,1.21,2.84
11.763,-0.05,-3.72,1.52,4.02
11.772,0.70,-4.59,1.77,4.97
11.782,1.40,-5.32,1.57,5.72
11.792,2.06,-6.17,1.40,6.65
11.802,2.74,-7.04,1.55,7.71
11.812,3.36,-7.64,1.94,8.57
11.822,4.07,-8.05,2.52,9.37
11.832,4.70,-8.35,2.99,10.03
11.842,5.26,-8.29,3.55,10.44
11.852,5.38,-8.24,4.02,10.63
11.862,5.06,-8.39,4.03,10.60
11.872,4.57,-8.34,3.77,10.23
11.882,4.11,-7.95,3.29,9.53
11.892,3.91,-7.14,2.57,8.54
11.902,3.57,-6.29,1.88,7.47
11.912,3.05,-5.72,1.27,6.60
11.922,2.73,-4.99,0.98,5.78
11.932,2.15,-4.13,0.73,4.72
11.942,1.27,-3.45,0.61,3.73
11.952,0.49,-2.41,0.37,2.49
11.962,-0.95,-1.19,-0.37,1.57
11.972,-3.05,0.17,-0.88,3.18
11.982,-4.85,1.98,-1.05,5.34
11.992,-6.02,3.78,-1.28,7.22
12.002,-6.65,4.92,-1.60,8.43
12.012,-6.70,5.37,-2.04,8.82
12.022,-6.13,5.64,-2.65,8.74
12.032,-4.98,5.65,-2.99,8.10
12.042,-3.65,5.22,-2.87,6.99
12.052,-2.41,4.61,-2.56,5.80
12.062,-1.52,3.94,-2.07,4.71
12.072,-0.92,3.26,-1.44,3.68
12.082,-0.52,2.74,-0.67,2.87
12.091,-0.15,2.35,-0.16,2.36
12.102,-0.08,1.89,-0.24,1.90
12.111,-0.03,1.36,-0.63,1.50
12.122,0.19,1.01,-0.71,1.25
12.131,0.46,0.77,-0.50,1.03
12.141,0.78,0.62,-0.35,1.05
12.151,0.88,0.31,-0.62,1.12
12.161,0.92,0.01,-0.77,1.20
12.171,1.00,-0.07,-0.56,1.15
12.181,0.70,-0.22,-0.36,0.82
12.191,0.33,-0.40,-0.16,0.54
12.201,0.38,-0.41,0.19,0.59
12.211,0.49,-0.40,0.47,0.79
12.221,0.60,-0.37,0.42,0.82
12.231,0.54,-0.32,0.09,0.63
12.241,-0.01,-0.47,0.09,0.48
12.251,-0.31,-0.49,0.52,0.78
12.261,-0.22,-0.46,0.84,0.98
12.271,-0.18,-0.59,1.11,1.27
12.281,-0.01,-0.54,1.29,1.39
12.291,0.27,-0.35,0.96,1.05
12.301,0.26,-0.37,0.33,0.57
12.311,0.06,-0.31,-0.08,0.33
12.321,-0.07,-0.14,-0.35,0.39
12.331,-0.17,-0.10,-0.47,0.51
12.341,-0.14,-0.18,-0.37,0.44
12.351,-0.03,-0.07,-0.13,0.15
12.361,-0.14,0.00,0.04,0.15
12.371,-0.30,0.03,0.17,0.34
12.381,-0.66,0.04,-0.07,0.67
12.391,-0.95,0.01,-0.24,0.97
12.401,-0.82,0.09,-0.55,0.99
12.410,-0.94,-0.08,-0.87,1.28
12.421,-1.35,-0.15,-0.80,1.58
12.430,-1.42,0.05,-0.72,1.60
12.441,-1.22,0.28,-1.19,1.73
12.450,-1.18,0.29,-1.94,2.29
12.460,-1.57,0.17,-2.41,2.88
12.470,-1.91,0.24,-2.35,3.04
12.480,-1.88,0.45,-2.14,2.88
12.490,-1.76,0.38,-2.08,2.75
12.500,-1.79,0.13,-1.74,2.50
12.510,-2.28,0.07,-1.00,2.49
12.520,-2.85,0.25,-0.56,2.92
12.530,-3.40,0.28,-0.51,3.45
12.540,-3.09,0.43,-0.87,3.24
12.550,-1.78,0.54,-1.47,2.37
12.560,-0.39,0.38,-1.36,1.47
12.570,0.66,0.27,-0.59,0.93
12.580,0.45,0.27,0.14,0.54
12.590,-0.40,0.16,0.88,0.98
12.600,-0.79,0.04,1.96,2.12
12.610,-1.68,-0.04,3.04,3.47
12.620,-2.39,-0.12,4.06,4.71
12.630,-2.39,-0.08,4.62,5.20
12.640,-2.01,-0.30,4.96,5.36
12.650,-0.95,-0.43,5.10,5.20
12.660,0.45,-0.48,5.02,5.06
12.670,1.89,-0.64,4.64,5.05
12.680,2.97,-1.11,4.75,5.71
12.689,3.18,-1.40,5.49,6.49
12.700,2.86,-1.34,5.93,6.72
12.709,2.57,-1.35,4.74,5.56
12.720,2.44,-1.80,2.61,4.00
12.729,2.70,-1.74,1.74,3.65
12.740,3.21,-1.56,1.53,3.88
12.749,3.60,-1.79,1.92,4.45
12.759,3.96,-1.93,2.43,5.03
12.769,4.30,-2.09,2.66,5.47
12.779,4.98,-2.08,1.72,5.66
12.789,4.87,-2.29,-0.30,5.38
12.799,4.08,-2.49,-2.14,5.24
12.809,3.11,-2.33,-3.17,5.02
12.819,2.10,-1.96,-3.77,4.74
12.829,1.52,-1.74,-3.79,4.44
12.839,1.60,-1.29,-3.32,3.91
12.849,2.16,-1.09,-3.05,3.90
12.859,2.96,-1.23,-2.67,4.17
12.869,3.39,-1.33,-2.08,4.19
12.879,3.49,-1.47,-1.15,3.96
12.889,3.25,-1.51,-0.74,3.66
12.899,2.48,-1.63,-1.15,3.18
12.909,1.82,-1.61,-1.81,3.03
12.919,1.79,-1.38,-2.96,3.73
12.929,1.14,-1.64,-3.87,4.36
12.939,-0.28,-1.80,-4.00,4.39
12.949,-0.37,-1.31,-3.57,3.82
12.959,-0.15,-1.15,-2.83,3.06
12.969,-0.63,-1.31,-2.78,3.14
12.979,-0.74,-1.10,-2.77,3.07
12.989,-0.95,-0.84,-3.10,3.35
12.999,-0.74,-0.55,-3.56,3.68
13.009,-0.20,-0.47,-3.78,3.82
13.019,-0.49,-0.73,-3.91,4.01
13.029,-0.76,-0.65,-3.68,3.82
13.039,-0.24,-0.50,-3.16,3.20
13.048,-0.31,-0.78,-3.00,3.12
13.058,-0.97,-1.04,-2.70,3.05
13.068,-2.02,-1.04,-1.89,2.96
13.078,-2.58,-0.73,-1.02,2.87
13.088,-2.67,-0.67,-0.42,2.78
13.099,-2.59,-0.57,-0.21,2.66
13.108,-1.71,-0.37,-0.43,1.80
13.118,-1.11,-0.48,-0.85,1.48
13.128,-1.15,-0.53,-1.06,1.65
13.138,-1.53,-0.45,-1.27,2.04
13.148,-2.15,-0.49,-1.48,2.66
13.158,-2.94,-0.46,-1.43,3.30
13.168,-3.56,-0.44,-1.25,3.80
13.178,-3.28,-0.36,-0.68,3.37
13.188,-2.54,-0.36,-0.17,2.57
13.198,-2.19,-0.53,0.00,2.25
13.208,-2.01,-0.48,0.14,2.07
13.218,-2.17,-0.45,0.26,2.23
13.228,-2.94,-0.55,0.11,2.99
13.238,-3.22,-0.67,-0.02,3.29
13.248,-3.43,-0.91,0.63,3.60
13.258,-4.23,-0.94,1.56,4.60
13.268,-4.45,-0.85,2.45,5.15
13.278,-3.81,-1.09,3.42,5.24
13.288,-2.53,-1.27,4.42,5.25
13.298,-1.37,-1.19,5.08,5.39
13.308,-0.92,-1.16,5.33,5.53
13.318,-1.21,-1.37,5.39,5.69
13.328,-1.80,-1.64,5.85,6.33
13.338,-2.64,-1.89,6.59,7.35
13.347,-3.37,-2.36,7.44,8.50
13.358,-2.51,-2.56,8.22,8.97
13.367,-0.82,-2.83,8.73,9.21
13.378,0.45,-2.95,9.22,9.69
13.387,0.48,-3.18,9.19,9.74
13.397,1.13,-3.63,8.87,9.66
13.407,2.24,-4.33,9.37,10.56
13.417,3.20,-4.68,9.42,11.00
13.427,3.76,-5.27,7.97,10.27
13.437,4.15,-5.92,5.59,9.14
13.447,4.83,-6.02,3.31,8.39
13.457,5.53,-5.91,1.45,8.22
13.467,6.26,-5.71,0.50,8.49
13.477,7.28,-5.55,0.11,9.16
13.487,7.69,-5.56,-0.18,9.49
13.497,6.51,-5.73,-0.61,8.69
13.507,5.23,-5.61,-1.04,7.74
13.517,4.48,-5.47,-1.34,7.20
13.527,4.20,-5.37,-2.03,7.11
13.537,4.57,-5.30,-2.99,7.61
13.547,5.20,-5.36,-3.53,8.26
13.557,3.29,-5.62,-3.91,7.60
13.567,-0.03,-5.26,-4.36,6.83
13.577,-1.59,-4.37,-4.30,6.33
13.587,-0.80,-3.74,-4.30,5.76
13.597,0.72,-3.79,-4.93,6.26
13.607,1.46,-3.80,-5.26,6.65
13.617,1.69,-3.43,-5.13,6.40
13.627,1.92,-3.08,-5.03,6.21
13.637,1.42,-3.15,-4.97,6.05
13.646,0.01,-3.13,-5.32,6.17
13.656,-0.31,-2.38,-5.27,5.79
13.666,-0.31,-2.09,-4.84,5.28
13.676,-0.08,-1.74,-4.53,4.85
13.686,0.37,-1.47,-3.87,4.16
13.696,0.09,-1.41,-3.38,3.67
13.706,-0.53,-1.17,-3.52,3.75
13.716,-0.22,-0.87,-3.28,3.40
13.726,-0.39,-1.05,-3.15,3.34
13.736,-1.09,-0.83,-3.62,3.86
13.746,-1.78,-0.46,-3.78,4.20
13.756,-1.91,-0.46,-4.06,4.51
13.766,-2.00,-0.55,-4.88,5.30
13.776,-2.68,-0.54,-5.47,6.11
13.786,-2.74,-0.48,-5.41,6.08
13.796,-2.74,-0.78,-4.43,5.27
13.806,-2.66,-0.84,-2.49,3.74
13.816,-3.00,-0.84,-0.86,3.23
13.826,-3.76,-0.79,-0.08,3.84
13.836,-4.31,-0.75,0.36,4.39
13.846,-4.26,-0.78,0.66,4.38
13.856,-3.57,-0.90,0.92,3.79
13.866,-2.86,-1.01,1.49,3.38
13.876,-1.87,-0.88,1.86,2.78
13.886,-1.29,-0.97,2.03,2.59
13.896,-1.28,-0.82,2.31,2.77
13.906,-1.57,-0.65,2.95,3.41
13.916,-1.95,-0.61,3.46,4.02
13.926,-2.24,-0.81,4.21,4.84
13.936,-2.15,-0.86,4.74,5.27
13.946,-2.07,-0.87,4.52,5.05
13.956,-2.07,-0.83,3.69,4.31
13.965,-1.75,-0.94,2.93,3.54
13.976,-0.73,-0.80,3.15,3.33
13.985,0.23,-0.56,3.35,3.40
13.996,0.74,-0.49,3.21,3.33
14.005,0.62,-0.49,3.12,3.22
14.016,0.41,-0.43,2.83,2.89
14.025,-0.11,-0.63,2.56,2.64
14.035,-1.03,-0.73,2.28,2.60
14.045,-1.22,-0.49,2.04,2.42
14.055,-0.44,-0.35,1.70,1.79
14.065,0.80,-0.18,1.12,1.39
14.075,1.84,0.00,0.46,1.90
14.085,2.18,-0.00,0.05,2.18
14.095,1.87,-0.00,0.07,1.87
14.105,1.64,0.08,0.10,1.64
14.115,1.51,-0.06,0.18,1.52
14.125,1.24,-0.20,0.23,1.28
14.135,0.63,-0.22,0.40,0.78
14.145,0.25,-0.18,0.44,0.54
14.155,0.28,-0.21,0.16,0.38
14.165,0.53,-0.24,-0.13,0.59
14.175,0.53,-0.36,-0.38,0.75
14.185,0.31,-0.35,-0.65,0.80
14.195,-0.01,-0.48,-0.82,0.95
14.205,-0.03,-0.35,-0.95,1.02
14.215,0.57,-0.23,-1.29,1.43
14.225,0.60,-0.37,-1.84,1.97
14.235,0.32,-0.29,-1.86,1.91
14.245,0.10,-0.13,-1.44,1.45
14.255,0.24,-0.13,-1.45,1.48
14.265,0.72,-0.17,-1.48,1.65
14.275,0.88,-0.24,-1.42,1.69
14.284,0.62,-0.41,-1.22,1.43
14.295,0.45,-0.37,-0.91,1.08
14.305,-0.02,-0.38,-0.95,1.03
14.314,-0.14,-0.36,-1.23,1.28
14.324,-0.09,-0.38,-1.22,1.28
14.334,0.18,-0.22,-1.15,1.19
14.344,0.38,-0.23,-1.28,1.35
14.354,0.13,-0.34,-1.03,1.09
14.364,0.06,-0.15,-0.34,0.38
14.374,-0.09,-0.18,0.16,0.26
14.384,-0.08,-0.08,0.25,0.28
14.394,0.12,-0.04,0.01,0.13
14.404,0.20,0.01,-0.14,0.24
14.414,-0.13,0.09,-0.16,0.22
14.424,-0.20,0.21,-0.08,0.30
14.434,0.07,0.13,-0.17,0.22
14.444,0.39,0.10,-0.36,0.54
14.454,0.31,0.03,-0.61,0.69
14.464,-0.10,-0.12,-0.41,0.44
14.474,-0.60,-0.16,0.12,0.63
14.484,-0.54,-0.06,0.27,0.61
14.494,-0.10,-0.11,0.29,0.33
14.504,-0.02,-0.07,0.44,0.44
14.514,-0.26,-0.12,0.78,0.83
14.524,-0.56,-0.14,0.94,1.11
14.534,-0.63,-0.22,0.76,1.01
14.544,-0.79,-0.34,0.85,1.21
14.554,-0.49,-0.05,0.51,0.71
14.564,-0.00,-0.12,-0.22,0.25
14.574,0.46,-0.20,-0.66,0.82
14.584,0.67,-0.31,-0.58,0.94
14.594,0.09,-0.57,0.25,0.63
14.603,-0.08,-0.42,1.08,1.16
14.614,0.09,-0.50,1.17,1.27
14.623,-0.38,-0.80,1.23,1.51
14.633,-0.70,-0.58,1.63,1.86
14.643,0.03,-0.12,1.55,1.56
14.654,0.21,-0.43,1.07,1.17
14.663,-0.09,-0.49,1.39,1.48
14.673,0.22,0.05,1.58,1.59
14.683,-0.07,-0.22,0.77,0.80
14.693,-0.65,-0.16,0.69,0.96
14.703,-0.19,0.46,0.61,0.79
14.713,0.11,0.30,-0.35,0.48
14.723,0.31,0.29,-0.56,0.70
14.733,0.47,0.44,0.19,0.67
14.743,-0.49,0.06,1.18,1.28
14.753,-1.07,0.17,2.46,2.69
14.763,-0.38,0.51,2.47,2.55
14.773,0.62,0.36,1.15,1.35
14.783,1.47,0.42,0.16,1.54
14.793,1.83,0.50,-0.68,2.02
14.803,1.25,0.35,-0.64,1.44
14.813,0.61,0.52,0.16,0.82
14.823,0.50,0.47,0.20,0.71
14.833,0.55,0.26,-0.07,0.61
14.843,0.70,0.29,0.14,0.77
14.853,0.89,0.27,0.61,1.12
14.863,1.21,0.29,0.95,1.56
14.873,1.54,0.24,0.55,1.66
14.883,1.59,0.09,-0.24,1.62
14.893,1.59,-0.00,-0.70,1.74
14.903,1.31,-0.05,-0.57,1.43
14.913,1.06,0.03,-0.77,1.31
14.922,0.87,-0.15,-1.17,1.47
14.932,0.57,-0.26,-1.28,1.43
14.942,0.26,-0.21,-1.18,1.22
14.952,0.14,-0.19,-0.83,0.86
14.962,0.46,-0.08,-0.33,0.57
14.972,1.09,-0.04,-0.08,1.10
14.982,1.57,-0.15,-0.18,1.59
14.992,1.61,-0.30,-0.52,1.72
15.002,1.45,-0.39,-0.85,1.72
15.012,1.06,-0.59,-1.03,1.59
15.022,0.24,-0.81,-0.91,1.24
15.032,-0.32,-0.71,-0.56,0.96
15.042,-0.94,-0.61,-0.32,1.16
15.052,-0.98,-0.36,-0.45,1.13
15.062,-0.59,-0.27,-0.72,0.96
15.072,0.10,-0.18,-0.85,0.87
15.082,1.05,-0.09,-0.98,1.44
15.092,1.68,-0.17,-1.17,2.06
15.102,1.62,-0.23,-1.08,1.96
15.112,1.25,-0.22,-1.03,1.64
15.122,1.01,-0.24,-1.28,1.65
15.132,1.17,-0.28,-1.76,2.13
15.142,0.59,-0.67,-2.19,2.36
15.152,-0.65,-0.71,-1.80,2.04
15.162,-1.05,-0.28,-0.92,1.42
15.172,-0.80,-0.16,-0.61,1.02
15.182,0.04,-0.26,-0.88,0.92
15.192,1.09,-0.31,-1.28,1.71
15.202,1.92,-0.22,-1.61,2.51
15.212,2.23,-0.42,-2.09,3.09
15.222,1.91,-0.64,-2.09,2.90
15.232,1.23,-0.60,-1.54,2.06
15.241,0.10,-0.74,-1.08,1.31
15.251,-1.11,-0.73,-0.70,1.50
15.261,-1.72,-0.42,-0.42,1.82
15.271,-1.81,-0.31,-0.52,1.91
15.281,-1.41,-0.29,-0.82,1.66
15.291,-0.69,-0.24,-1.14,1.35
15.301,0.13,-0.15,-1.34,1.35
15.311,0.68,-0.26,-1.59,1.75
15.321,0.89,-0.35,-1.78,2.02
15.331,0.62,-0.50,-1.67,1.85
15.341,-0.35,-0.66,-1.05,1.29
15.351,-1.26,-0.45,0.07,1.34
15.361,-1.52,-0.08,0.73,1.69
15.371,-1.47,-0.10,0.54,1.57
15.381,-0.90,-0.09,0.16,0.91
15.391,-0.10,0.04,-0.13,0.17
15.401,0.41,0.06,-0.91,1.00
15.411,0.37,-0.16,-1.58,1.63
15.421,0.13,-0.25,-1.51,1.53
15.431,-0.01,-0.28,-0.93,0.97
15.441,-0.20,-0.30,-0.30,0.47
15.451,-0.47,-0.25,0.07,0.54
15.461,-0.82,-0.31,0.19,0.90
15.471,-0.81,-0.29,0.36,0.94
15.481,-0.25,-0.19,0.79,0.85
15.491,0.23,-0.20,1.14,1.18
15.501,0.31,-0.39,1.04,1.15
15.511,0.12,-0.40,1.08,1.16
15.521,0.06,-0.25,0.92,0.96
15.531,-0.27,-0.31,0.65,0.77
15.540,-0.84,-0.41,0.59,1.11
15.550,-1.24,-0.32,0.83,1.53
15.560,-0.76,-0.24,0.70,1.06
15.570,-0.09,-0.41,0.37,0.56
15.580,0.37,-0.44,0.40,0.70
15.590,0.93,-0.35,0.73,1.23
15.600,1.69,-0.44,0.73,1.89
15.610,2.39,-0.51,0.80,2.57
15.620,2.20,-0.49,1.44,2.68
15.630,1.34,-0.27,2.63,2.96
15.640,0.39,-0.12,3.38,3.40
15.650,-0.94,-0.23,4.07,4.19
15.660,-1.44,0.29,5.01,5.22
15.670,-1.44,0.78,4.75,5.03
15.680,-2.03,0.93,2.97,3.72
15.690,-2.05,1.44,0.49,2.55
15.700,-2.17,1.68,-1.57,3.16
15.710,-3.12,1.94,-2.71,4.56
15.720,-4.71,2.01,-2.88,5.87
15.730,-5.55,1.95,-2.36,6.34
15.740,-4.59,1.78,-2.25,5.42
15.750,-3.17,1.02,-2.42,4.12
15.760,-1.56,0.40,-2.27,2.78
15.770,-0.03,-0.14,-1.67,1.68
15.780,1.02,-0.92,-0.88,1.63
15.790,2.22,-1.84,0.37,2.91
15.800,3.31,-2.56,2.25,4.75
15.810,3.61,-3.03,3.51,5.88
15.820,4.27,-3.57,3.64,6.66
15.830,5.69,-4.53,3.28,7.98
15.840,7.72,-5.32,3.21,9.92
15.850,10.10,-5.00,3.36,11.76
15.860,10.94,-4.18,3.04,12.10
15.870,10.08,-3.14,1.79,10.70
15.879,6.78,-2.56,0.15,7.24
15.890,0.36,-1.64,-0.59,1.78
15.899,-6.36,0.48,-0.66,6.41
15.909,-11.07,2.77,-1.16,11.47
15.919,-12.54,4.44,-2.13,13.47
15.929,-10.72,5.68,-3.40,12.60
15.939,-7.96,6.00,-4.41,10.90
15.949,-5.83,5.63,-4.74,9.39
15.959,-4.57,4.83,-4.34,7.95
15.969,-3.80,3.54,-3.67,6.36
15.979,-2.67,1.90,-2.90,4.38
15.989,-0.71,0.09,-1.85,1.99
15.999,1.82,-1.82,-0.46,2.62
16.009,4.37,-3.74,0.99,5.84
16.019,6.72,-5.20,2.08,8.75
16.029,8.72,-5.84,2.17,10.71
16.039,9.53,-5.68,1.76,11.23
16.049,9.87,-4.79,1.26,11.04
16.059,9.08,-4.10,0.43,9.97
16.069,4.30,-3.73,-0.08,5.70
16.079,-1.89,-2.07,0.36,2.83
16.089,-6.64,0.57,0.46,6.68
16.099,-9.45,2.66,-0.77,9.85
16.109,-10.17,4.02,-2.83,11.29
16.119,-8.57,5.06,-4.45,10.91
16.129,-6.47,5.23,-5.23,9.83
16.139,-5.03,4.60,-5.48,8.74
16.149,-3.79,3.27,-4.75,6.90
16.159,-2.55,1.32,-3.17,4.28
16.169,-0.46,-0.76,-0.95,1.30
16.178,2.80,-2.81,1.70,4.32
16.188,6.30,-4.92,4.17,9.01
16.198,9.40,-6.09,5.88,12.65
16.208,11.16,-6.15,5.93,14.05
16.218,11.16,-5.55,4.22,13.16
16.228,9.99,-4.64,1.49,11.12
16.238,6.39,-4.06,-0.67,7.60
16.249,0.11,-3.21,-1.48,3.54
16.258,-4.85,-0.79,-1.19,5.06
16.268,-7.12,1.44,-1.49,7.41
16.278,-7.21,2.40,-2.57,8.02
16.288,-5.55,3.11,-3.22,7.13
16.298,-3.59,3.45,-2.91,5.77
16.308,-2.65,2.91,-2.23,4.52
16.318,-1.97,2.12,-1.22,3.14
16.328,-1.15,1.17,0.05,1.64
16.338,-0.09,0.08,1.36,1.36
16.348,1.15,-0.87,2.22,2.65
16.358,2.45,-1.50,2.54,3.84
16.368,3.38,-1.78,2.65,4.65
16.378,3.83,-1.56,2.06,4.62
16.388,3.64,-1.27,0.47,3.89
16.398,3.03,-1.11,-0.79,3.32
16.408,2.03,-0.87,-1.42,2.63
16.418,0.89,-0.39,-1.23,1.57
16.428,-0.39,-0.09,-0.85,0.93
16.438,-1.09,0.32,-0.29,1.17
16.448,-1.22,0.50,-0.42,1.39
16.458,-1.68,0.74,0.37,1.87
16.468,-0.84,1.34,1.02,1.88
16.478,-0.18,1.37,0.53,1.48
16.487,-0.49,0.93,0.23,1.08
16.498,-0.51,1.06,0.12,1.18
16.507,-0.37,0.95,-0.07,1.02
16.517,-0.92,0.97,0.63,1.47
16.527,-0.36,1.00,0.58,1.21
16.537,-0.31,0.62,0.57,0.90
16.547,-0.27,0.47,0.88,1.04
16.557,-0.01,0.59,0.78,0.98
16.567,-0.08,0.43,0.75,0.86
16.577,-0.12,0.32,0.66,0.74
16.587,0.28,0.19,0.20,0.39
16.597,-0.37,0.35,0.42,0.66
16.607,-0.40,0.63,0.33,0.82
16.617,-0.23,0.36,0.02,0.43
16.627,-0.68,-0.05,0.03,0.68
16.637,-0.43,-0.23,-0.19,0.52
16.647,-0.63,-0.14,-0.12,0.65
16.657,-0.30,0.12,-0.13,0.35
16.667,-0.09,0.20,-0.29,0.37
16.677,-0.03,-0.04,-0.31,0.32
16.687,-0.06,-0.03,-0.17,0.18
16.697,-0.16,0.04,-0.01,0.16
16.707,-0.47,-0.05,0.05,0.48
16.717,-0.42,0.01,-0.10,0.44
16.727,-0.48,-0.07,-0.20,0.52
16.737,-0.29,1.03,0.62,1.24
16.747,-0.19,1.36,1.19,1.82
16.757,-0.08,-0.03,0.29,0.30
16.767,-0.48,-0.39,0.15,0.63
16.776,-0.31,-0.02,0.20,0.37
16.786,-0.38,0.29,-0.09,0.48
16.796,-0.82,0.33,0.07,0.88
16.806,-0.79,0.54,0.47,1.07
16.816,-0.84,0.59,0.72,1.25
16.826,-0.79,0.51,0.51,1.07
16.836,-0.71,0.39,-0.04,0.81
16.846,-0.33,0.13,-0.30,0.46
16.856,-0.01,-0.10,-0.57,0.58
16.866,0.48,-0.11,-0.50,0.70
16.876,0.85,-0.20,-0.39,0.95
16.886,0.92,-0.44,-0.24,1.05
16.896,0.83,-0.52,-0.01,0.98
16.906,1.11,-0.60,0.13,1.27
16.916,0.74,-0.55,0.33,0.98
16.926,0.84,-0.35,0.46,1.02
16.936,0.64,0.02,0.37,0.74
16.946,0.63,-0.15,0.58,0.87
16.956,-0.00,-0.10,0.79,0.79
16.966,0.04,0.27,0.75,0.80
16.976,0.11,0.02,0.46,0.47
16.986,-0.01,-0.33,-0.42,0.53
16.996,0.07,-0.08,-1.04,1.05
17.006,0.14,0.34,-1.17,1.23
17.016,0.07,0.68,-1.09,1.29
17.026,-0.03,0.46,-0.95,1.06
17.036,0.22,0.07,-0.69,0.73
17.046,0.70,-0.10,-0.39,0.81
17.056,1.04,-0.21,-0.02,1.06
17.066,1.22,-0.19,0.24,1.26
17.076,1.08,-0.15,0.26,1.12
17.086,0.52,0.34,0.17,0.64
17.096,-0.11,0.92,-0.10,0.94
17.106,-0.37,0.94,-0.53,1.14
17.115,-0.18,1.39,-0.20,1.42
17.126,-0.02,1.79,0.53,1.87
17.135,0.89,2.06,0.64,2.33
17.145,1.88,1.58,0.39,2.49
17.155,2.48,1.01,-0.32,2.70
17.165,3.06,0.91,-1.05,3.36
17.175,3.36,1.08,-1.59,3.87
17.185,3.30,1.49,-2.28,4.28
17.195,2.90,2.06,-2.57,4.39
17.205,1.88,1.98,-2.19,3.50
17.215,0.94,1.44,-1.07,2.02
17.225,0.45,1.56,-0.69,1.76
17.235,0.95,1.21,-1.63,2.24
17.245,0.78,0.23,-0.88,1.20
17.255,0.26,-0.58,-0.68,0.94
17.265,-0.06,-0.68,-0.68,0.96
17.275,-0.73,-0.74,-0.24,1.07
17.285,-1.20,-0.77,0.20,1.43
17.295,-1.47,-0.71,0.41,1.68
17.305,-1.98,-0.83,1.39,2.55
17.315,-1.44,-0.68,0.01,1.59
17.325,-1.00,-1.37,-0.87,1.91
17.335,-1.23,-2.07,-1.55,2.86
17.345,-1.00,-1.45,-2.31,2.91
17.355,-1.00,-0.70,-2.77,3.03
17.365,-1.23,-0.46,-3.42,3.66
17.375,-1.47,-0.80,-4.25,4.57
17.385,-2.04,-1.45,-3.18,4.04
17.395,-1.94,-1.49,-2.10,3.22
17.405,-1.53,-1.69,-0.70,2.39
17.415,-1.24,-1.54,0.04,1.98
17.425,-1.20,-1.43,-0.28,1.89
17.434,-1.74,-0.70,0.36,1.91
17.445,-1.92,-0.22,0.40,1.97
17.454,-2.20,-0.83,-0.02,2.35
17.464,-2.40,-1.20,0.12,2.69
17.474,-2.41,-1.22,0.13,2.71
17.485,-2.93,-1.09,0.06,3.12
17.494,-2.83,-0.69,0.22,2.92
17.504,-2.47,-0.47,0.60,2.59
17.514,-2.07,-0.29,0.99,2.31
17.524,-1.37,0.21,1.10,1.77
17.534,-0.90,0.34,1.23,1.56
17.544,-0.67,0.36,1.25,1.46
17.554,-0.39,0.68,0.43,0.89
17.564,0.13,0.36,0.31,0.49
17.574,0.21,0.27,0.14,0.37
17.584,0.30,0.53,0.11,0.62
17.594,0.51,0.82,-0.08,0.97
17.604,0.83,0.56,0.12,1.01
17.614,0.94,0.88,-0.33,1.33
17.624,1.47,0.59,-0.63,1.71
17.634,1.84,0.72,-1.18,2.30
17.644,1.87,0.57,-0.89,2.15
17.654,1.40,0.47,-0.15,1.49
17.664,0.97,0.25,0.39,1.08
17.674,0.20,0.46,0.46,0.68
17.684,0.47,-0.21,0.95,1.08
17.694,0.19,-0.03,1.30,1.32
17.704,0.44,0.28,1.31,1.41
17.714,0.25,0.21,0.00,0.33
17.724,0.44,-0.53,-1.22,1.40
17.734,0.29,0.22,-1.41,1.45
17.744,0.68,-0.40,0.33,0.85
17.753,0.01,-0.33,-0.06,0.34
17.763,-0.84,0.07,-1.28,1.54
17.773,-1.03,0.27,-0.33,1.11
17.783,-1.08,0.18,-1.68,2.00
17.793,1.43,-1.33,8.22,8.44
17.803,1.86,-0.60,9.24,9.45
17.813,-2.86,0.44,1.22,3.14
17.823,-3.04,2.93,0.71,4.28
17.833,-4.90,0.48,-1.87,5.27
17.843,-1.49,-1.91,-0.78,2.55
17.853,2.45,0.24,-0.87,2.61
17.863,3.38,2.14,-1.54,4.29
17.873,2.85,0.92,-0.83,3.11
17.883,3.16,-1.12,5.73,6.64
17.893,1.61,-1.47,1.55,2.68
17.903,-0.44,-1.17,-5.41,5.55
17.913,-0.75,-1.67,1.27,2.23
17.923,0.37,-0.20,1.19,1.27
17.933,0.99,-0.04,2.11,2.33
17.943,-0.93,-0.06,-2.74,2.90
17.953,-0.05,0.73,0.32,0.80
17.963,0.10,0.10,0.05,0.15
17.973,-0.00,0.07,0.00,0.07
17.983,0.04,0.09,-0.02,0.10
17.993,0.01,0.08,0.00,0.08
18.003,0.02,0.08,0.03,0.09
18.013,0.03,0.08,0.04,0.10
18.023,0.02,0.10,-0.03,0.10
18.032,0.03,0.10,-0.01,0.10
18.043,0.02,0.10,0.06,0.12
18.053,0.00,0.11,0.06,0.13
18.063,0.01,0.11,0.01,0.11
18.072,0.02,0.09,-0.04,0.10
18.082,0.01,0.10,-0.01,0.10
18.092,0.02,0.10,0.03,0.11
18.102,0.02,0.09,0.06,0.11
18.112,0.04,0.09,0.00,0.10
18.123,0.02,0.08,-0.01,0.09
18.132,0.03,0.08,-0.01,0.09
18.142,0.03,0.08,0.04,0.09
18.152,0.03,0.07,0.03,0.08
18.163,0.02,0.08,-0.01,0.08
18.172,0.03,0.07,0.01,0.08
18.182,0.01,0.08,0.02,0.09
18.192,0.01,0.07,0.03,0.08
18.202,0.02,0.07,0.03,0.08
18.212,0.02,0.07,0.02,0.08
18.222,0.03,0.07,-0.01,0.08
18.232,0.01,0.07,-0.02,0.08
18.242,0.02,0.09,0.02,0.09
18.252,0.01,0.09,0.02,0.09
18.262,0.01,0.07,-0.01,0.07
18.272,0.03,0.07,0.00,0.08
18.282,0.01,0.07,0.01,0.07
18.292,0.03,0.06,0.01,0.07
18.302,0.03,0.05,0.03,0.07
18.312,0.02,0.05,0.01,0.06
18.322,0.02,0.05,-0.00,0.06
18.332,0.01,0.06,0.00,0.06
18.342,0.01,0.08,0.03,0.08
18.351,0.00,0.07,0.02,0.07
18.362,0.02,0.06,0.01,0.06
18.371,0.01,0.06,0.02,0.06
18.381,0.00,0.06,0.00,0.06
18.391,-0.00,0.05,0.02,0.05
18.401,0.02,0.05,0.01,0.05
18.411,0.02,0.04,0.01,0.05
18.421,0.01,0.05,0.00,0.05
18.431,0.02,0.04,0.00,0.05
18.441,0.02,0.06,0.02,0.06
18.451,0.01,0.05,0.01,0.05
18.461,-0.00,0.05,-0.00,0.05
18.471,-0.01,0.07,0.02,0.07
18.481,0.00,0.05,0.01,0.05
18.491,0.01,0.04,0.01,0.05
18.501,0.01,0.04,0.01,0.05
18.511,0.00,0.04,-0.01,0.04
18.521,0.02,0.04,0.02,0.04
18.531,0.01,0.03,0.03,0.05
18.541,0.01,0.04,0.00,0.04
18.551,0.01,0.04,0.01,0.05
18.561,0.01,0.03,0.01,0.03
18.571,0.01,0.04,0.01,0.04
18.581,0.01,0.04,0.01,0.04
18.591,0.01,0.03,0.01,0.04
18.601,0.01,0.03,0.01,0.04
18.611,0.00,0.03,0.00,0.03
18.621,0.01,0.03,-0.00,0.03
18.631,0.01,0.05,-0.01,0.05
18.641,0.00,0.04,0.01,0.04
18.651,0.00,0.03,0.02,0.03
18.661,0.00,0.04,0.02,0.04
18.671,-0.00,0.04,0.01,0.04
18.680,0.01,0.04,0.02,0.04
18.690,-0.00,0.04,0.02,0.04
18.700,0.01,0.04,0.02,0.05
18.710,0.01,0.03,0.03,0.04
18.720,0.02,0.01,0.01,0.02
18.730,0.01,0.04,0.02,0.05
18.740,-0.01,0.03,0.03,0.04
18.750,-0.00,0.03,0.01,0.04
18.760,0.00,0.04,0.01,0.04
18.770,-0.00,0.03,0.01,0.03
18.780,-0.00,0.03,0.02,0.04
18.790,0.01,0.03,0.02,0.04
18.800,0.00,0.03,0.01,0.03
18.810,0.01,0.05,0.00,0.05
18.820,0.02,0.02,-0.00,0.03
18.830,0.01,0.02,0.01,0.03
18.840,0.01,0.03,0.02,0.03
18.850,0.01,0.04,0.00,0.04
18.860,-0.00,0.03,0.01,0.03
18.870,0.00,0.02,0.00,0.03
18.880,0.00,0.04,0.01,0.04
18.890,0.00,0.02,0.01,0.03
18.900,-0.00,0.04,0.02,0.04
18.910,0.01,0.03,-0.00,0.03
18.920,0.01,0.02,0.01,0.03
18.930,0.00,0.02,0.01,0.02
18.940,0.01,0.01,0.01,0.02
18.950,0.01,0.02,0.01,0.03
18.960,0.02,0.04,0.02,0.05
18.970,0.01,0.02,0.01,0.02
18.980,0.01,0.02,0.02,0.03
18.989,0.00,0.02,0.02,0.03
18.999,0.01,0.03,0.01,0.03
19.009,0.01,0.02,0.01,0.02
19.019,0.00,0.02,0.02,0.03
19.029,0.00,0.03,0.01,0.03
19.039,-0.01,0.01,0.00,0.02
19.049,0.00,0.02,0.02,0.03
19.059,-0.00,0.02,0.00,0.02
19.069,-0.01,0.03,0.02,0.04
19.079,0.01,0.02,0.02,0.03
19.089,0.01,0.02,0.03,0.04
19.099,0.01,0.01,0.02,0.02
19.109,0.00,0.03,0.01,0.03
19.119,0.01,0.02,0.02,0.03
19.129,0.01,0.02,0.02,0.03
19.139,-0.01,0.03,0.02,0.04
19.149,0.00,0.02,0.02,0.03
19.159,0.01,0.03,0.01,0.03
19.169,0.00,0.03,0.01,0.03
19.179,-0.00,0.03,0.01,0.03
19.189,0.00,0.03,0.01,0.03
19.199,-0.01,0.03,0.01,0.03
19.209,0.01,0.02,0.01,0.02
19.219,0.01,0.03,-0.00,0.03
19.229,0.00,0.01,0.01,0.02
19.239,0.00,0.01,0.00,0.01
19.249,0.00,0.01,0.01,0.01
19.259,-0.01,0.02,0.02,0.03
19.269,-0.01,0.02,0.01,0.03
19.279,0.01,0.02,0.01,0.03
19.289,-0.00,0.02,0.01,0.02
19.298,-0.00,0.02,0.02,0.03
19.309,0.01,0.03,0.00,0.03
19.318,0.01,0.02,0.02,0.03
19.329,0.00,0.02,0.02,0.03
19.338,0.01,0.01,0.00,0.02
19.348,0.02,0.01,0.01,0.03
19.358,0.01,0.01,0.01,0.01
19.368,0.01,0.01,0.01,0.02
19.378,0.01,0.03,0.00,0.03
19.388,-0.00,0.02,0.02,0.03
19.398,-0.01,0.01,0.01,0.02
19.408,0.00,0.03,-0.00,0.03
19.418,-0.00,0.03,0.00,0.03
19.428,0.00,0.02,0.01,0.03
19.438,-0.00,0.00,0.02,0.02
19.448,-0.00,0.01,0.00,0.01
19.458,0.01,0.01,0.01,0.02
19.468,0.00,-0.00,0.02,0.02
19.478,-0.00,0.01,0.01,0.01
19.488,0.02,0.02,0.02,0.03
19.498,0.01,0.02,0.01,0.02
19.508,0.01,0.02,0.02,0.03
19.518,0.01,0.02,0.01,0.03
19.528,0.00,0.02,0.01,0.02
19.538,-0.00,0.02,0.01,0.02
19.548,-0.00,0.02,0.01,0.02
19.558,0.00,0.02,0.01,0.02
19.568,-0.00,0.01,0.03,0.03
19.578,0.00,0.02,0.02,0.03
19.588,0.02,0.03,0.02,0.04
19.598,0.02,0.02,0.01,0.03
19.608,-0.01,0.01,0.02,0.02
19.618,0.01,0.01,0.01,0.02
19.627,0.00,0.01,0.02,0.02
19.638,-0.00,0.01,0.02,0.02
19.647,-0.00,0.01,0.01,0.02
19.657,-0.01,0.00,-0.00,0.01
19.667,-0.00,0.02,0.01,0.02
19.677,0.00,0.02,0.02,0.03
19.687,0.02,0.01,0.02,0.03
19.697,0.00,0.02,0.01,0.02
19.707,-0.01,-0.00,0.01,0.02
19.717,0.00,0.01,0.02,0.02
19.727,0.00,0.02,0.00,0.02
19.737,0.01,0.02,0.01,0.02
19.747,-0.00,0.01,0.01,0.01
19.757,0.01,0.02,0.02,0.03
19.767,0.00,0.01,0.02,0.02
19.777,0.00,0.02,0.00,0.02
19.787,-0.00,0.01,0.01,0.01
19.797,-0.00,0.01,0.01,0.01
19.807,0.01,0.01,0.01,0.01
19.817,0.00,0.01,0.00,0.01
19.827,-0.00,0.03,0.00,0.03
19.837,-0.00,0.02,0.01,0.02
19.847,-0.01,0.01,0.01,0.01
19.857,-0.00,0.01,0.02,0.02
19.867,-0.00,0.00,0.01,0.01
19.877,0.01,0.01,0.01,0.02
19.887,-0.01,0.01,0.02,0.02
19.897,-0.00,0.01,0.00,0.01
19.907,0.01,0.02,0.02,0.03
19.917,0.01,0.01,0.01,0.02
19.927,0.02,0.00,0.02,0.03
19.936,0.01,0.01,0.01,0.02
19.946,-0.01,0.00,0.01,0.01
19.956,0.00,0.00,0.01,0.01
19.966,-0.00,0.02,0.01,0.02
19.976,-0.01,0.01,0.02,0.03
19.986,0.00,0.00,0.00,0.01
19.996,0.01,0.02,-0.00,0.02
20.007,-0.01,0.00,0.00,0.01
20.016,0.01,0.01,0.01,0.02
20.026,0.02,0.02,0.01,0.03
20.036,0.01,0.01,0.02,0.02
20.046,0.01,0.01,0.01,0.02
20.056,0.00,0.02,0.02,0.03
20.066,0.02,0.01,0.01,0.02
20.076,0.00,0.01,0.02,0.02
20.086,0.00,0.00,0.01,0.01
20.096,0.01,0.01,0.01,0.02
20.106,0.01,0.01,0.01,0.02
20.116,0.01,0.01,0.01,0.02
20.126,0.01,0.02,0.02,0.03
20.136,0.01,0.01,-0.00,0.02
20.146,0.00,0.01,0.02,0.02
20.156,0.02,0.01,0.02,0.03
20.166,0.00,0.00,0.02,0.02
20.176,0.00,-0.00,0.02,0.02
20.186,0.00,0.00,0.01,0.01
20.196,-0.00,0.01,0.02,0.03
20.206,-0.00,0.00,0.02,0.02
20.216,0.01,0.01,0.01,0.01
20.226,0.01,0.01,0.01,0.02
20.236,0.01,0.01,0.02,0.02
20.246,-0.01,0.02,0.01,0.03
20.256,0.00,0.02,0.02,0.03
20.265,0.01,0.00,0.02,0.02
20.276,0.02,-0.01,0.00,0.02
20.285,-0.00,0.01,0.01,0.02
20.296,-0.00,0.01,0.02,0.02
20.305,-0.00,0.01,0.01,0.02
20.316,0.00,0.01,0.00,0.01
20.325,-0.00,-0.00,-0.00,0.00
20.335,-0.00,0.02,0.02,0.03
20.345,0.01,0.01,0.02,0.02
20.355,-0.01,0.01,0.01,0.02
20.365,-0.02,0.01,-0.00,0.02
20.375,-0.01,0.01,0.01,0.01
20.385,-0.00,0.01,0.02,0.02
20.395,0.01,-0.00,0.00,0.01
20.405,-0.00,0.00,0.01,0.01
20.415,0.00,0.00,0.00,0.01
20.425,0.00,0.01,0.02,0.02
20.435,0.00,0.01,0.01,0.02
20.445,0.00,0.01,0.00,0.01
20.455,0.01,0.01,0.01,0.02
20.465,-0.00,0.02,0.02,0.03
20.475,0.01,0.02,0.01,0.02
20.485,0.00,0.01,0.02,0.02
20.495,0.01,0.02,-0.00,0.02
20.505,0.01,0.02,0.02,0.03
20.515,-0.01,0.01,0.03,0.03
20.525,-0.00,0.01,-0.01,0.01
20.535,0.01,0.01,-0.00,0.01
20.545,-0.01,0.01,0.02,0.03
20.555,0.01,0.01,0.01,0.02
20.564,0.00,-0.00,0.01,0.01
20.575,-0.00,0.01,0.02,0.02
20.584,0.00,0.01,0.00,0.01
20.595,-0.00,-0.00,0.01,0.01
20.604,0.02,0.01,0.03,0.04
20.614,0.00,-0.00,0.03,0.03
20.624,0.00,0.00,0.01,0.01
20.634,0.01,0.02,0.02,0.03
20.644,0.01,0.01,0.01,0.02
20.654,0.01,0.01,0.02,0.02
20.664,-0.01,0.02,0.02,0.03
20.674,-0.00,-0.00,0.02,0.02
20.684,0.00,0.01,0.01,0.01
20.694,0.01,-0.01,0.01,0.01
20.704,0.02,0.01,0.03,0.03
20.714,0.02,0.00,0.01,0.02
20.724,0.01,0.00,0.02,0.02
20.734,-0.00,-0.00,0.02,0.02
20.744,0.01,0.01,0.01,0.02
20.754,0.00,0.00,0.01,0.01
20.764,0.01,0.00,0.01,0.01
20.774,0.01,0.02,0.03,0.03
20.784,0.01,0.01,0.02,0.02
20.794,0.00,0.01,0.02,0.02
20.804,0.02,0.01,0.02,0.03
20.814,0.01,0.01,0.02,0.02
20.824,0.01,0.01,0.01,0.02
20.834,0.00,-0.00,-0.00,0.00
20.844,0.00,-0.00,0.01,0.01
20.854,0.01,0.01,0.02,0.03
20.863,0.00,-0.00,0.01,0.01
20.874,-0.00,-0.01,0.02,0.02
20.883,0.01,0.01,0.01,0.01
20.894,0.00,0.01,0.00,0.01
20.903,-0.00,0.01,0.01,0.02
20.915,0.00,0.00,0.02,0.02
20.923,-0.00,0.01,0.01,0.01
20.933,-0.01,0.02,0.00,0.03
20.943,-0.00,0.01,0.01,0.02
20.954,0.01,0.01,0.01,0.02
20.963,0.01,0.00,-0.00,0.01
20.973,-0.00,0.00,0.00,0.01
20.983,0.00,0.01,0.01,0.02
20.993,0.00,0.00,0.01,0.01
21.003,-0.00,0.01,0.02,0.02
21.013,-0.00,0.01,0.00,0.01
21.023,-0.01,-0.00,0.03,0.03
21.033,0.02,0.01,0.01,0.02
21.043,0.01,0.02,0.02,0.03
21.053,-0.00,-0.01,0.02,0.02
21.063,0.02,0.00,0.01,0.02
21.073,0.01,0.01,0.01,0.02
21.083,0.01,-0.01,0.01,0.01
21.093,-0.00,-0.00,0.02,0.02
21.103,0.01,0.01,0.01,0.02
21.113,-0.00,0.00,0.01,0.01
21.123,-0.00,-0.00,0.02,0.02
21.133,0.01,0.00,0.01,0.01
21.143,-0.01,0.01,0.02,0.03
21.153,0.01,0.01,0.01,0.02
21.163,-0.01,-0.01,0.01,0.02
21.173,-0.01,-0.01,0.02,0.02
21.183,0.02,0.00,-0.01,0.02
21.193,0.00,0.01,0.01,0.02
21.202,-0.00,0.01,0.01,0.02
21.213,0.01,0.01,0.02,0.02
21.222,0.01,0.01,0.00,0.01
21.232,0.00,0.01,-0.00,0.01
21.242,0.00,0.01,0.01,0.01
21.252,-0.01,0.01,0.02,0.03
21.262,0.00,-0.00,0.02,0.02
21.272,0.00,0.01,0.02,0.02
21.282,0.01,0.00,0.00,0.01
21.292,0.00,0.01,0.03,0.03
21.302,-0.00,0.01,0.02,0.02
21.312,0.01,-0.00,0.02,0.02
21.322,-0.00,0.00,0.01,0.01
21.332,0.01,0.01,0.02,0.02
21.342,0.01,0.01,0.01,0.02
21.352,0.00,0.00,0.00,0.00
21.362,-0.00,0.01,-0.00,0.01
21.372,0.00,0.01,0.01,0.02
21.382,0.00,-0.00,0.01,0.01
21.392,0.01,-0.01,0.02,0.02
21.402,-0.01,0.01,-0.00,0.01
21.412,-0.01,0.00,0.02,0.02
21.422,0.02,0.01,0.01,0.02
21.432,-0.00,0.00,0.01,0.01
21.442,-0.00,-0.00,0.01,0.01
21.452,0.01,0.01,0.01,0.01
21.462,0.01,0.02,0.00,0.03
21.472,0.01,0.00,0.02,0.02
21.482,0.01,0.00,0.01,0.02
21.492,0.01,0.00,-0.00,0.01
21.501,0.00,0.00,0.01,0.01
21.512,-0.01,0.00,0.01,0.02
21.521,-0.01,-0.00,0.01,0.01
21.531,0.00,0.00,0.01,0.02
21.541,-0.01,0.00,0.01,0.02
21.551,0.01,0.00,0.02,0.02
21.561,-0.00,0.01,0.02,0.02
21.571,-0.01,0.02,-0.00,0.02
21.581,0.01,0.01,0.00,0.01
21.592,0.01,0.01,0.01,0.02
21.601,-0.00,0.01,0.01,0.01
21.611,0.01,0.01,0.00,0.01
21.621,0.01,-0.00,0.01,0.02
21.631,-0.01,0.01,0.02,0.03
21.641,-0.00,0.01,0.01,0.02
21.651,-0.01,0.01,0.01,0.02
21.661,-0.01,0.01,0.03,0.03
21.671,0.01,0.01,0.02,0.03
21.681,-0.00,0.01,0.02,0.02
21.691,0.01,0.01,0.01,0.01
21.701,0.00,0.01,0.01,0.02
21.711,0.00,0.02,0.01,0.02
21.721,0.01,0.00,0.01,0.01
21.731,-0.00,0.01,-0.01,0.02
21.741,0.01,0.01,0.01,0.02
21.751,0.00,0.00,0.02,0.02
21.761,-0.00,0.01,0.02,0.02
21.771,-0.00,0.01,-0.00,0.01
21.781,0.00,-0.00,0.02,0.02
21.791,0.01,0.02,0.02,0.03
21.801,0.00,0.01,0.00,0.01
21.811,-0.01,0.01,0.02,0.02
21.820,-0.00,0.01,0.02,0.02
21.831,0.01,0.00,0.03,0.03
21.840,0.00,0.01,0.01,0.02
21.851,0.01,-0.00,0.00,0.01
21.860,-0.00,0.01,-0.01,0.01
21.871,-0.01,-0.00,0.02,0.02
21.880,-0.00,0.01,0.01,0.02
21.890,0.00,0.01,0.01,0.02
21.900,-0.00,0.00,0.00,0.01
21.910,-0.00,0.01,0.00,0.01
21.920,0.00,0.00,0.02,0.02
21.930,0.01,-0.01,0.02,0.03
21.940,-0.00,0.00,-0.01,0.01
21.950,0.01,0.01,0.01,0.02
21.960,0.00,0.00,0.02,0.02
21.970,0.01,0.02,0.02,0.03
21.980,0.01,0.01,0.00,0.01
21.990,0.01,0.01,0.01,0.02
22.000,0.01,0.01,0.03,0.03
22.010,0.00,0.01,0.02,0.02
22.020,-0.00,0.01,0.01,0.01
22.030,-0.00,-0.00,-0.00,0.00
22.040,0.00,0.01,0.01,0.01
22.050,0.00,0.00,0.01,0.01
22.060,0.00,0.00,0.01,0.01
22.070,0.00,0.00,0.02,0.02
22.080,0.01,0.01,0.01,0.02
22.090,0.00,0.01,0.01,0.01
22.100,0.00,0.02,-0.00,0.02
22.110,-0.00,0.00,0.00,0.01
22.119,0.01,-0.00,0.02,0.02
22.130,-0.00,0.00,0.01,0.01
22.139,0.00,0.01,0.01,0.01
22.150,-0.00,0.01,0.02,0.02
22.160,-0.00,0.01,0.02,0.02
22.169,-0.01,0.00,0.01,0.01
22.179,-0.00,0.00,0.02,0.02
22.189,0.02,-0.00,0.02,0.03
22.199,-0.01,0.00,0.01,0.01
22.209,0.00,-0.00,0.01,0.01
22.219,0.01,0.01,0.01,0.01
22.229,0.01,-0.00,0.01,0.02
22.239,0.00,0.01,0.01,0.02
22.249,0.02,0.01,0.01,0.02
22.259,0.01,-0.00,0.02,0.02
22.269,0.00,-0.00,0.02,0.02
22.279,-0.01,-0.00,0.01,0.02
22.289,-0.01,-0.01,0.02,0.02
22.299,-0.00,0.00,0.02,0.02
22.309,-0.00,-0.00,0.01,0.01
22.319,0.00,0.01,0.01,0.01
22.329,0.02,0.01,0.01,0.03
22.339,0.01,-0.00,0.02,0.02
22.349,0.02,0.00,0.02,0.03
22.359,0.01,0.01,0.01,0.02
22.369,-0.00,0.01,0.01,0.02
22.379,0.01,0.00,-0.01,0.01
22.389,0.01,0.01,0.01,0.02
22.399,-0.01,-0.00,0.00,0.01
22.409,-0.00,0.01,0.02,0.02
22.419,0.00,0.00,0.02,0.02
22.429,0.01,0.01,0.02,0.02
22.439,0.01,0.01,0.01,0.02
22.449,0.00,0.01,0.02,0.03
22.458,-0.01,0.00,0.02,0.02
22.469,-0.01,-0.00,0.00,0.01
22.478,0.00,-0.00,-0.01,0.02
22.488,-0.00,0.01,0.02,0.02
22.498,-0.00,0.01,0.03,0.03
22.508,0.01,-0.01,0.01,0.02
22.518,0.01,-0.01,-0.00,0.02
22.528,-0.00,0.01,0.01,0.01
22.538,-0.00,0.00,0.02,0.02
22.548,-0.01,-0.01,0.02,0.02
22.558,0.01,0.00,-0.00,0.01
22.568,0.00,0.00,0.01,0.01
22.578,-0.00,0.03,0.03,0.04
22.590,0.00,0.00,0.02,0.02
22.598,-0.00,0.01,0.00,0.01
22.608,-0.00,0.01,0.02,0.02
22.618,-0.00,0.02,0.03,0.03
22.628,0.01,-0.00,0.01,0.02
22.638,0.00,0.02,0.02,0.03
22.648,-0.00,0.01,-0.01,0.02
22.658,0.01,0.01,-0.01,0.02
22.668,-0.00,0.00,0.02,0.02
22.678,0.00,0.01,0.02,0.03
22.688,-0.00,0.01,0.01,0.01
22.698,-0.01,0.01,0.02,0.03
22.708,-0.00,0.01,0.01,0.01
22.718,0.01,0.00,0.01,0.02
22.728,-0.00,-0.00,-0.00,0.00
22.738,-0.01,0.00,-0.00,0.01
22.748,-0.01,-0.00,0.01,0.01
22.757,-0.02,0.01,0.02,0.03
22.768,-0.00,0.01,0.02,0.02
22.778,-0.02,0.01,0.02,0.03
22.788,-0.01,0.01,0.00,0.01
22.797,-0.01,-0.00,0.00,0.01
22.807,0.00,0.02,0.02,0.02
22.817,0.01,0.02,0.00,0.03
22.827,0.01,0.02,0.01,0.02
22.837,0.02,0.01,0.00,0.02
22.847,0.02,0.01,0.01,0.02
22.857,0.01,0.02,0.01,0.03
22.867,0.02,0.02,0.01,0.03
22.877,0.01,0.00,-0.01,0.01
22.887,-0.00,0.00,0.01,0.01
22.897,-0.01,0.00,0.01,0.02
22.907,-0.02,-0.00,0.01,0.02
22.917,-0.00,-0.00,0.02,0.03
22.927,0.00,-0.01,0.01,0.02
22.937,-0.01,-0.02,0.00,0.02
22.947,-0.00,-0.02,0.00,0.02
22.957,0.01,-0.02,0.01,0.02
22.967,0.01,-0.01,0.02,0.02
22.977,0.00,-0.01,0.03,0.03
22.987,0.01,-0.01,0.01,0.02
22.997,0.00,0.01,0.01,0.02
23.008,0.01,0.01,0.01,0.02
23.017,0.01,0.02,0.02,0.03
23.027,0.00,0.03,0.01,0.03
23.037,-0.00,0.03,0.02,0.04
23.047,-0.00,0.03,0.01,0.03
23.057,-0.00,0.03,0.01,0.03
23.067,-0.00,0.03,0.00,0.03
23.077,-0.00,0.01,0.01,0.02
23.087,0.00,0.01,0.01,0.01
23.096,0.01,0.00,0.00,0.01
23.106,0.01,-0.00,-0.00,0.01
23.116,0.01,-0.00,0.01,0.01
23.126,0.01,-0.01,0.01,0.01
23.136,0.01,-0.01,0.01,0.02
23.147,0.01,-0.02,0.02,0.03
23.156,0.01,-0.01,0.00,0.02
23.166,-0.00,-0.01,0.01,0.01
23.176,-0.00,-0.01,0.01,0.01
23.186,-0.00,0.00,0.00,0.01
23.196,-0.01,0.00,0.01,0.01
23.206,0.01,0.02,0.01,0.02
23.216,-0.01,0.01,0.03,0.04
23.226,0.00,0.01,0.02,0.03
23.236,-0.00,0.01,0.01,0.02
23.246,-0.00,0.01,-0.00,0.01
23.256,0.01,0.02,0.02,0.03
23.266,0.02,0.01,0.02,0.03
23.276,-0.01,0.02,0.01,0.02
23.286,-0.00,0.02,0.02,0.03
23.296,-0.01,0.01,0.02,0.03
23.306,-0.00,0.02,0.02,0.03
23.316,-0.00,0.01,0.01,0.01
23.326,-0.00,-0.00,0.01,0.01
23.336,-0.01,-0.01,0.03,0.03
23.346,-0.00,0.00,0.01,0.01
23.356,0.00,-0.00,0.00,0.00
23.366,-0.01,-0.00,0.02,0.02
23.376,0.00,-0.01,0.01,0.02
23.386,-0.00,-0.02,0.03,0.03
23.395,0.00,0.00,0.02,0.02
23.405,0.01,-0.00,0.01,0.01
23.416,0.00,-0.00,0.01,0.01
23.425,-0.00,0.01,0.02,0.02
23.435,0.01,0.01,0.02,0.02
23.445,0.00,0.01,0.02,0.02
23.455,-0.01,0.03,0.02,0.03
23.465,-0.01,0.02,0.01,0.02
23.475,-0.02,0.02,0.02,0.03
23.485,-0.01,0.03,0.02,0.04
23.495,-0.01,0.02,0.01,0.03
23.505,0.00,0.02,0.02,0.02
23.515,0.01,0.01,0.01,0.02
23.525,-0.00,0.00,0.01,0.01
23.535,0.00,-0.01,0.01,0.02
23.545,0.00,-0.00,0.01,0.02
23.555,0.01,0.00,0.01,0.02
23.565,0.01,-0.01,0.02,0.02
23.575,0.01,-0.00,0.00,0.01
23.585,0.01,-0.01,0.01,0.02
23.595,0.00,0.01,0.02,0.02
23.605,-0.00,-0.00,0.01,0.01
23.615,-0.00,-0.00,0.01,0.01
23.625,0.00,0.02,0.01,0.02
23.635,-0.00,0.01,-0.01,0.01
23.645,-0.00,0.01,0.02,0.02
23.655,0.01,0.01,0.03,0.04
23.665,0.00,0.01,-0.01,0.02
23.675,-0.01,0.00,0.02,0.02
23.685,0.01,0.01,0.04,0.04
23.694,-0.00,-0.01,-0.01,0.01
23.705,0.00,0.00,-0.00,0.00
23.714,0.00,0.01,0.02,0.02
23.725,-0.00,0.01,0.02,0.02
23.734,0.01,0.00,0.00,0.01
23.745,0.00,-0.00,0.01,0.01
23.754,-0.01,0.01,0.02,0.02
23.764,0.01,0.01,0.01,0.02
23.774,-0.01,-0.01,-0.01,0.02
23.784,0.01,0.00,-0.00,0.01
23.794,0.01,0.00,0.02,0.02
23.804,-0.00,-0.00,0.03,0.03
23.814,0.02,0.00,0.03,0.04
23.824,0.00,-0.00,-0.01,0.01
23.834,-0.01,0.02,0.00,0.02
